This is XeTeX, Version 3.141592653-2.6-0.999995 (TeX Live 2023/Debian) (preloaded format=xelatex 2026.3.17)  17 MAR 2026 21:01
entering extended mode
 \write18 enabled.
 %&-line parsing enabled.
**pesni.tex
(./pesni.tex
LaTeX2e <2023-11-01> patch level 1
L3 programming layer <2024-01-22>
(/usr/share/texlive/texmf-dist/tex/latex/extsizes/extreport.cls
Document Class: extreport 1996/10/08 v1.0 Non Standard LaTeX document class
(/usr/share/texlive/texmf-dist/tex/latex/extsizes/size14.clo
File: size14.clo 1999/11/11 v1.4a NON-Standard LaTeX file (size option)
) (/usr/share/texlive/texmf-dist/tex/latex/base/exscale.sty
Package: exscale 2018/09/24 v2.1i Standard LaTeX package exscale
LaTeX Font Info:    Redeclaring symbol font `largesymbols' on input line 57.
LaTeX Font Info:    Overwriting symbol font `largesymbols' in version `normal'
(Font)                  OMX/cmex/m/n --> OMX/cmex/m/n on input line 57.
LaTeX Font Info:    Overwriting symbol font `largesymbols' in version `bold'
(Font)                  OMX/cmex/m/n --> OMX/cmex/m/n on input line 57.
\big@size=\dimen140
)
\c@part=\count183
\c@chapter=\count184
\c@section=\count185
\c@subsection=\count186
\c@subsubsection=\count187
\c@paragraph=\count188
\c@subparagraph=\count189
\c@figure=\count190
\c@table=\count191
\abovecaptionskip=\skip48
\belowcaptionskip=\skip49
\bibindent=\dimen141
) (/usr/share/texlive/texmf-dist/tex/latex/geometry/geometry.sty
Package: geometry 2020/01/02 v5.9 Page Geometry
(/usr/share/texlive/texmf-dist/tex/latex/graphics/keyval.sty
Package: keyval 2022/05/29 v1.15 key=value parser (DPC)
\KV@toks@=\toks17
) (/usr/share/texlive/texmf-dist/tex/generic/iftex/ifvtex.sty
Package: ifvtex 2019/10/25 v1.7 ifvtex legacy package. Use iftex instead.
(/usr/share/texlive/texmf-dist/tex/generic/iftex/iftex.sty
Package: iftex 2022/02/03 v1.0f TeX engine tests
))
\Gm@cnth=\count192
\Gm@cntv=\count193
\c@Gm@tempcnt=\count194
\Gm@bindingoffset=\dimen142
\Gm@wd@mp=\dimen143
\Gm@odd@mp=\dimen144
\Gm@even@mp=\dimen145
\Gm@layoutwidth=\dimen146
\Gm@layoutheight=\dimen147
\Gm@layouthoffset=\dimen148
\Gm@layoutvoffset=\dimen149
\Gm@dimlist=\toks18
) (/usr/share/texlive/texmf-dist/tex/latex/polyglossia/polyglossia.sty
Package: polyglossia 2023/12/11 v1.66 Modern multilingual typesetting with XeLa
TeX and LuaLaTeX
(/usr/share/texlive/texmf-dist/tex/latex/etoolbox/etoolbox.sty
Package: etoolbox 2020/10/05 v2.5k e-TeX tools for LaTeX (JAW)
\etb@tempcnta=\count195
) (/usr/share/texlive/texmf-dist/tex/latex/xkeyval/xkeyval.sty
Package: xkeyval 2022/06/16 v2.9 package option processing (HA)
(/usr/share/texlive/texmf-dist/tex/generic/xkeyval/xkeyval.tex (/usr/share/texl
ive/texmf-dist/tex/generic/xkeyval/xkvutils.tex
\XKV@toks=\toks19
\XKV@tempa@toks=\toks20
)
\XKV@depth=\count196
File: xkeyval.tex 2014/12/03 v2.7a key=value parser (HA)
)) (/usr/share/texlive/texmf-dist/tex/latex/fontspec/fontspec.sty (/usr/share/t
exlive/texmf-dist/tex/latex/l3packages/xparse/xparse.sty (/usr/share/texlive/te
xmf-dist/tex/latex/l3kernel/expl3.sty
Package: expl3 2024-01-22 L3 programming layer (loader) 
(/usr/share/texlive/texmf-dist/tex/latex/l3backend/l3backend-xetex.def
File: l3backend-xetex.def 2024-01-04 L3 backend support: XeTeX
\g__graphics_track_int=\count197
\l__pdf_internal_box=\box51
\g__pdf_backend_object_int=\count198
\g__pdf_backend_annotation_int=\count199
\g__pdf_backend_link_int=\count266
))
Package: xparse 2023-10-10 L3 Experimental document command parser
)
Package: fontspec 2022/01/15 v2.8a Font selection for XeLaTeX and LuaLaTeX
(/usr/share/texlive/texmf-dist/tex/latex/fontspec/fontspec-xetex.sty
Package: fontspec-xetex 2022/01/15 v2.8a Font selection for XeLaTeX and LuaLaTe
X
\l__fontspec_script_int=\count267
\l__fontspec_language_int=\count268
\l__fontspec_strnum_int=\count269
\l__fontspec_tmp_int=\count270
\l__fontspec_tmpa_int=\count271
\l__fontspec_tmpb_int=\count272
\l__fontspec_tmpc_int=\count273
\l__fontspec_em_int=\count274
\l__fontspec_emdef_int=\count275
\l__fontspec_strong_int=\count276
\l__fontspec_strongdef_int=\count277
\l__fontspec_tmpa_dim=\dimen150
\l__fontspec_tmpb_dim=\dimen151
\l__fontspec_tmpc_dim=\dimen152
(/usr/share/texlive/texmf-dist/tex/latex/base/fontenc.sty
Package: fontenc 2021/04/29 v2.0v Standard LaTeX package
) (/usr/share/texlive/texmf-dist/tex/latex/fontspec/fontspec.cfg)))
\xpg@normalclass=\XeTeXcharclass1
(/usr/share/texlive/texmf-dist/tex/latex/polyglossia/gloss-latex.lde
Package: gloss-latex 2023/12/11 v1.66 polyglossia: module for default language
)
Package polyglossia Info: Default language is latex.
) (/usr/share/texlive/texmf-dist/tex/latex/polyglossia/gloss-russian.ldf
File: gloss-russian.ldf polyglossia: module for Russian
(/usr/share/texlive/texmf-dist/tex/latex/polyglossia/xpg-cyrillicnumbers.sty
Package: xpg-cyrillicnumbers 2019/11/15 v0.2 Formatting of Cyrillic alphabetic 
numbers
)
Package polyglossia Info: Option: Russian, numerals=arabic.
(/usr/share/texlive/texmf-dist/tex/latex/polyglossia/babelsh.def
File: babelsh.def 2022/06/21 Babel common definitions for shorthands
 Taken verbatim from babel files (2022/06/06 v3.76)
)
Package babel Info: Making " an active character on input line 106.
)
Package polyglossia Info: Default language is russian.
(/usr/share/texlive/texmf-dist/tex/latex/polyglossia/gloss-english.ldf
File: gloss-english.ldf polyglossia: module for English
Package polyglossia Info: Option: English, variant=american.
)

Package fontspec Info: Font family 'PTSerif(0)' created for font 'PT Serif'
(fontspec)             with options [Ligatures=TeX].
(fontspec)              
(fontspec)              This font family consists of the following NFSS
(fontspec)             series/shapes:
(fontspec)              
(fontspec)             - 'normal' (m/n) with NFSS spec.: <->"PT
(fontspec)             Serif/OT:script=latn;language=dflt;mapping=tex-text;"
(fontspec)             - 'small caps'  (m/sc) with NFSS spec.: 
(fontspec)             - 'bold' (b/n) with NFSS spec.: <->"PT
(fontspec)             Serif/B/OT:script=latn;language=dflt;mapping=tex-text;"
(fontspec)             - 'bold small caps'  (b/sc) with NFSS spec.: 
(fontspec)             - 'italic' (m/it) with NFSS spec.: <->"PT
(fontspec)             Serif/I/OT:script=latn;language=dflt;mapping=tex-text;"
(fontspec)             - 'italic small caps'  (m/scit) with NFSS spec.: 
(fontspec)             - 'bold italic' (b/it) with NFSS spec.: <->"PT
(fontspec)             Serif/BI/OT:script=latn;language=dflt;mapping=tex-text;"

(fontspec)             - 'bold italic small caps'  (b/scit) with NFSS spec.: 


Package fontspec Info: Font family 'PTSerif(1)' created for font 'PT Serif'
(fontspec)             with options [].
(fontspec)              
(fontspec)              This font family consists of the following NFSS
(fontspec)             series/shapes:
(fontspec)              
(fontspec)             - 'normal' (m/n) with NFSS spec.: <->"PT
(fontspec)             Serif/OT:script=latn;language=dflt;"
(fontspec)             - 'small caps'  (m/sc) with NFSS spec.: 
(fontspec)             - 'bold' (b/n) with NFSS spec.: <->"PT
(fontspec)             Serif/B/OT:script=latn;language=dflt;"
(fontspec)             - 'bold small caps'  (b/sc) with NFSS spec.: 
(fontspec)             - 'italic' (m/it) with NFSS spec.: <->"PT
(fontspec)             Serif/I/OT:script=latn;language=dflt;"
(fontspec)             - 'italic small caps'  (m/scit) with NFSS spec.: 
(fontspec)             - 'bold italic' (b/it) with NFSS spec.: <->"PT
(fontspec)             Serif/BI/OT:script=latn;language=dflt;"
(fontspec)             - 'bold italic small caps'  (b/scit) with NFSS spec.: 

(/usr/share/texlive/texmf-dist/tex/latex/graphics/graphicx.sty
Package: graphicx 2021/09/16 v1.2d Enhanced LaTeX Graphics (DPC,SPQR)
(/usr/share/texlive/texmf-dist/tex/latex/graphics/graphics.sty
Package: graphics 2022/03/10 v1.4e Standard LaTeX Graphics (DPC,SPQR)
(/usr/share/texlive/texmf-dist/tex/latex/graphics/trig.sty
Package: trig 2021/08/11 v1.11 sin cos tan (DPC)
) (/usr/share/texlive/texmf-dist/tex/latex/graphics-cfg/graphics.cfg
File: graphics.cfg 2016/06/04 v1.11 sample graphics configuration
)
Package graphics Info: Driver file: xetex.def on input line 107.
(/usr/share/texlive/texmf-dist/tex/latex/graphics-def/xetex.def
File: xetex.def 2022/09/22 v5.0n Graphics/color driver for xetex
))
\Gin@req@height=\dimen153
\Gin@req@width=\dimen154
) (/usr/share/texlive/texmf-dist/tex/latex/imakeidx/imakeidx.sty
Package: imakeidx 2016/10/15 v1.3e Package for typesetting indices in a synchro
nous mode
(/usr/share/texlive/texmf-dist/tex/generic/iftex/ifxetex.sty
Package: ifxetex 2019/10/25 v0.7 ifxetex legacy package. Use iftex instead.
) (/usr/share/texlive/texmf-dist/tex/generic/iftex/ifluatex.sty
Package: ifluatex 2019/10/25 v1.5 ifluatex legacy package. Use iftex instead.
) (/usr/share/texlive/texmf-dist/tex/latex/tools/multicol.sty
Package: multicol 2023/03/30 v1.9f multicolumn formatting (FMi)
\c@tracingmulticols=\count278
\mult@box=\box52
\multicol@leftmargin=\dimen155
\c@unbalance=\count279
\c@collectmore=\count280
\doublecol@number=\count281
\multicoltolerance=\count282
\multicolpretolerance=\count283
\full@width=\dimen156
\page@free=\dimen157
\premulticols=\dimen158
\postmulticols=\dimen159
\multicolsep=\skip50
\multicolbaselineskip=\skip51
\partial@page=\box53
\last@line=\box54
\mc@boxedresult=\box55
\maxbalancingoverflow=\dimen160
\mult@rightbox=\box56
\mult@grightbox=\box57
\mult@firstbox=\box58
\mult@gfirstbox=\box59
\@tempa=\box60
\@tempa=\box61
\@tempa=\box62
\@tempa=\box63
\@tempa=\box64
\@tempa=\box65
\@tempa=\box66
\@tempa=\box67
\@tempa=\box68
\@tempa=\box69
\@tempa=\box70
\@tempa=\box71
\@tempa=\box72
\@tempa=\box73
\@tempa=\box74
\@tempa=\box75
\@tempa=\box76
\@tempa=\box77
\@tempa=\box78
\@tempa=\box79
\@tempa=\box80
\@tempa=\box81
\@tempa=\box82
\@tempa=\box83
\@tempa=\box84
\@tempa=\box85
\@tempa=\box86
\@tempa=\box87
\@tempa=\box88
\@tempa=\box89
\@tempa=\box90
\@tempa=\box91
\@tempa=\box92
\@tempa=\box93
\@tempa=\box94
\@tempa=\box95
\c@minrows=\count284
\c@columnbadness=\count285
\c@finalcolumnbadness=\count286
\last@try=\dimen161
\multicolovershoot=\dimen162
\multicolundershoot=\dimen163
\mult@nat@firstbox=\box96
\colbreak@box=\box97
\mc@col@check@num=\count287
)) (/usr/share/texlive/texmf-dist/tex/latex/hyperref/hyperref.sty
Package: hyperref 2024-01-20 v7.01h Hypertext links for LaTeX
(/usr/share/texlive/texmf-dist/tex/latex/kvsetkeys/kvsetkeys.sty
Package: kvsetkeys 2022-10-05 v1.19 Key value parser (HO)
) (/usr/share/texlive/texmf-dist/tex/generic/kvdefinekeys/kvdefinekeys.sty
Package: kvdefinekeys 2019-12-19 v1.6 Define keys (HO)
) (/usr/share/texlive/texmf-dist/tex/generic/pdfescape/pdfescape.sty
Package: pdfescape 2019/12/09 v1.15 Implements pdfTeX's escape features (HO)
(/usr/share/texlive/texmf-dist/tex/generic/ltxcmds/ltxcmds.sty
Package: ltxcmds 2023-12-04 v1.26 LaTeX kernel commands for general use (HO)
) (/usr/share/texlive/texmf-dist/tex/generic/pdftexcmds/pdftexcmds.sty
Package: pdftexcmds 2020-06-27 v0.33 Utility functions of pdfTeX for LuaTeX (HO
)
(/usr/share/texlive/texmf-dist/tex/generic/infwarerr/infwarerr.sty
Package: infwarerr 2019/12/03 v1.5 Providing info/warning/error messages (HO)
)
Package pdftexcmds Info: \pdf@primitive is available.
Package pdftexcmds Info: \pdf@ifprimitive is available.
Package pdftexcmds Info: \pdfdraftmode not found.
)) (/usr/share/texlive/texmf-dist/tex/latex/hycolor/hycolor.sty
Package: hycolor 2020-01-27 v1.10 Color options for hyperref/bookmark (HO)
) (/usr/share/texlive/texmf-dist/tex/latex/auxhook/auxhook.sty
Package: auxhook 2019-12-17 v1.6 Hooks for auxiliary files (HO)
) (/usr/share/texlive/texmf-dist/tex/latex/hyperref/nameref.sty
Package: nameref 2023-11-26 v2.56 Cross-referencing by name of section
(/usr/share/texlive/texmf-dist/tex/latex/refcount/refcount.sty
Package: refcount 2019/12/15 v3.6 Data extraction from label references (HO)
) (/usr/share/texlive/texmf-dist/tex/generic/gettitlestring/gettitlestring.sty
Package: gettitlestring 2019/12/15 v1.6 Cleanup title references (HO)
(/usr/share/texlive/texmf-dist/tex/latex/kvoptions/kvoptions.sty
Package: kvoptions 2022-06-15 v3.15 Key value format for package options (HO)
))
\c@section@level=\count288
)
\@linkdim=\dimen164
\Hy@linkcounter=\count289
\Hy@pagecounter=\count290
(/usr/share/texlive/texmf-dist/tex/latex/hyperref/pd1enc.def
File: pd1enc.def 2024-01-20 v7.01h Hyperref: PDFDocEncoding definition (HO)
) (/usr/share/texlive/texmf-dist/tex/generic/intcalc/intcalc.sty
Package: intcalc 2019/12/15 v1.3 Expandable calculations with integers (HO)
)
\Hy@SavedSpaceFactor=\count291
(/usr/share/texlive/texmf-dist/tex/latex/hyperref/puenc.def
File: puenc.def 2024-01-20 v7.01h Hyperref: PDF Unicode definition (HO)
)
Package hyperref Info: Option `unicode' set `true' on input line 4062.
Package hyperref Info: Hyper figures OFF on input line 4179.
Package hyperref Info: Link nesting OFF on input line 4184.
Package hyperref Info: Hyper index ON on input line 4187.
Package hyperref Info: Plain pages OFF on input line 4194.
Package hyperref Info: Backreferencing OFF on input line 4199.
Package hyperref Info: Implicit mode ON; LaTeX internals redefined.
Package hyperref Info: Bookmarks ON on input line 4446.
\c@Hy@tempcnt=\count292
(/usr/share/texlive/texmf-dist/tex/latex/url/url.sty
\Urlmuskip=\muskip16
Package: url 2013/09/16  ver 3.4  Verb mode for urls, etc.
)
LaTeX Info: Redefining \url on input line 4784.
\XeTeXLinkMargin=\dimen165
(/usr/share/texlive/texmf-dist/tex/generic/bitset/bitset.sty
Package: bitset 2019/12/09 v1.3 Handle bit-vector datatype (HO)
(/usr/share/texlive/texmf-dist/tex/generic/bigintcalc/bigintcalc.sty
Package: bigintcalc 2019/12/15 v1.5 Expandable calculations on big integers (HO
)
))
\Fld@menulength=\count293
\Field@Width=\dimen166
\Fld@charsize=\dimen167
Package hyperref Info: Hyper figures OFF on input line 6063.
Package hyperref Info: Link nesting OFF on input line 6068.
Package hyperref Info: Hyper index ON on input line 6071.
Package hyperref Info: backreferencing OFF on input line 6078.
Package hyperref Info: Link coloring OFF on input line 6083.
Package hyperref Info: Link coloring with OCG OFF on input line 6088.
Package hyperref Info: PDF/A mode OFF on input line 6093.
(/usr/share/texlive/texmf-dist/tex/latex/base/atbegshi-ltx.sty
Package: atbegshi-ltx 2021/01/10 v1.0c Emulation of the original atbegshi
package with kernel methods
)
\Hy@abspage=\count294
\c@Item=\count295
\c@Hfootnote=\count296
)
Package hyperref Info: Driver (autodetected): hxetex.
(/usr/share/texlive/texmf-dist/tex/latex/hyperref/hxetex.def
File: hxetex.def 2024-01-20 v7.01h Hyperref driver for XeTeX
(/usr/share/texlive/texmf-dist/tex/generic/stringenc/stringenc.sty
Package: stringenc 2019/11/29 v1.12 Convert strings between diff. encodings (HO
)
)
\pdfm@box=\box98
\c@Hy@AnnotLevel=\count297
\HyField@AnnotCount=\count298
\Fld@listcount=\count299
\c@bookmark@seq@number=\count300
(/usr/share/texlive/texmf-dist/tex/latex/rerunfilecheck/rerunfilecheck.sty
Package: rerunfilecheck 2022-07-10 v1.10 Rerun checks for auxiliary files (HO)
(/usr/share/texlive/texmf-dist/tex/latex/base/atveryend-ltx.sty
Package: atveryend-ltx 2020/08/19 v1.0a Emulation of the original atveryend pac
kage
with kernel methods
) (/usr/share/texlive/texmf-dist/tex/generic/uniquecounter/uniquecounter.sty
Package: uniquecounter 2019/12/15 v1.4 Provide unlimited unique counter (HO)
)
Package uniquecounter Info: New unique counter `rerunfilecheck' on input line 2
85.
)
\Hy@SectionHShift=\skip52
) (/usr/share/texlive/texmf-dist/tex/latex/fancyhdr/fancyhdr.sty
Package: fancyhdr 2022/11/09 v4.1 Extensive control of page headers and footers

\f@nch@headwidth=\skip53
\f@nch@O@elh=\skip54
\f@nch@O@erh=\skip55
\f@nch@O@olh=\skip56
\f@nch@O@orh=\skip57
\f@nch@O@elf=\skip58
\f@nch@O@erf=\skip59
\f@nch@O@olf=\skip60
\f@nch@O@orf=\skip61
)
\artists@idxfile=\write3
\openout3 = `artists.idx'.

Writing index file artists.idx
\composers@idxfile=\write4
\openout4 = `composers.idx'.

Writing index file composers.idx
\lyricists@idxfile=\write5
\openout5 = `lyricists.idx'.

Writing index file lyricists.idx
(./pesni.aux)
\openout1 = `pesni.aux'.

LaTeX Font Info:    Checking defaults for OML/cmm/m/it on input line 34.
LaTeX Font Info:    ... okay on input line 34.
LaTeX Font Info:    Checking defaults for OMS/cmsy/m/n on input line 34.
LaTeX Font Info:    ... okay on input line 34.
LaTeX Font Info:    Checking defaults for OT1/cmr/m/n on input line 34.
LaTeX Font Info:    ... okay on input line 34.
LaTeX Font Info:    Checking defaults for T1/cmr/m/n on input line 34.
LaTeX Font Info:    ... okay on input line 34.
LaTeX Font Info:    Checking defaults for TS1/cmr/m/n on input line 34.
LaTeX Font Info:    Trying to load font information for TS1+cmr on input line 3
4.
(/usr/share/texlive/texmf-dist/tex/latex/base/ts1cmr.fd
File: ts1cmr.fd 2023/04/13 v2.5m Standard LaTeX font definitions
)
LaTeX Font Info:    ... okay on input line 34.
LaTeX Font Info:    Checking defaults for TU/lmr/m/n on input line 34.
LaTeX Font Info:    ... okay on input line 34.
LaTeX Font Info:    Checking defaults for OMX/cmex/m/n on input line 34.
LaTeX Font Info:    ... okay on input line 34.
LaTeX Font Info:    Checking defaults for U/cmr/m/n on input line 34.
LaTeX Font Info:    ... okay on input line 34.
LaTeX Font Info:    Checking defaults for PD1/pdf/m/n on input line 34.
LaTeX Font Info:    ... okay on input line 34.
LaTeX Font Info:    Checking defaults for PU/pdf/m/n on input line 34.
LaTeX Font Info:    ... okay on input line 34.
*geometry* driver: auto-detecting
*geometry* detected driver: xetex
*geometry* verbose mode - [ preamble ] result:
* driver: xetex
* paper: a5paper
* layout: <same size as paper>
* layoutoffset:(h,v)=(0.0pt,0.0pt)
* modes: 
* h-part:(L,W,R)=(42.67912pt, 335.74254pt, 42.67912pt)
* v-part:(T,H,B)=(42.67912pt, 512.14963pt, 42.67912pt)
* \paperwidth=421.10078pt
* \paperheight=597.50787pt
* \textwidth=335.74254pt
* \textheight=512.14963pt
* \oddsidemargin=-29.59087pt
* \evensidemargin=-29.59087pt
* \topmargin=-68.59087pt
* \headheight=14.0pt
* \headsep=25.0pt
* \topskip=14.0pt
* \footskip=14.22636pt
* \marginparwidth=24.0pt
* \marginparsep=10.0pt
* \columnsep=10.0pt
* \skip\footins=12.0pt plus 4.0pt minus 2.0pt
* \hoffset=0.0pt
* \voffset=0.0pt
* \mag=1000
* \@twocolumnfalse
* \@twosidefalse
* \@mparswitchfalse
* \@reversemarginfalse
* (1in=72.27pt=25.4mm, 1cm=28.453pt)


Package fontspec Info: Adjusting the maths setup (use [no-math] to avoid
(fontspec)             this).

\symlegacymaths=\mathgroup4
LaTeX Font Info:    Overwriting symbol font `legacymaths' in version `bold'
(Font)                  OT1/cmr/m/n --> OT1/cmr/bx/n on input line 34.
LaTeX Font Info:    Redeclaring math accent \acute on input line 34.
LaTeX Font Info:    Redeclaring math accent \grave on input line 34.
LaTeX Font Info:    Redeclaring math accent \ddot on input line 34.
LaTeX Font Info:    Redeclaring math accent \tilde on input line 34.
LaTeX Font Info:    Redeclaring math accent \bar on input line 34.
LaTeX Font Info:    Redeclaring math accent \breve on input line 34.
LaTeX Font Info:    Redeclaring math accent \check on input line 34.
LaTeX Font Info:    Redeclaring math accent \hat on input line 34.
LaTeX Font Info:    Redeclaring math accent \dot on input line 34.
LaTeX Font Info:    Redeclaring math accent \mathring on input line 34.
LaTeX Font Info:    Redeclaring math symbol \colon on input line 34.
LaTeX Font Info:    Redeclaring math symbol \Gamma on input line 34.
LaTeX Font Info:    Redeclaring math symbol \Delta on input line 34.
LaTeX Font Info:    Redeclaring math symbol \Theta on input line 34.
LaTeX Font Info:    Redeclaring math symbol \Lambda on input line 34.
LaTeX Font Info:    Redeclaring math symbol \Xi on input line 34.
LaTeX Font Info:    Redeclaring math symbol \Pi on input line 34.
LaTeX Font Info:    Redeclaring math symbol \Sigma on input line 34.
LaTeX Font Info:    Redeclaring math symbol \Upsilon on input line 34.
LaTeX Font Info:    Redeclaring math symbol \Phi on input line 34.
LaTeX Font Info:    Redeclaring math symbol \Psi on input line 34.
LaTeX Font Info:    Redeclaring math symbol \Omega on input line 34.
LaTeX Font Info:    Redeclaring math symbol \mathdollar on input line 34.
LaTeX Font Info:    Redeclaring symbol font `operators' on input line 34.
LaTeX Font Info:    Encoding `OT1' has changed to `TU' for symbol font
(Font)              `operators' in the math version `normal' on input line 34.
LaTeX Font Info:    Overwriting symbol font `operators' in version `normal'
(Font)                  OT1/cmr/m/n --> TU/PTSerif(0)/m/n on input line 34.
LaTeX Font Info:    Encoding `OT1' has changed to `TU' for symbol font
(Font)              `operators' in the math version `bold' on input line 34.
LaTeX Font Info:    Overwriting symbol font `operators' in version `bold'
(Font)                  OT1/cmr/bx/n --> TU/PTSerif(0)/m/n on input line 34.
LaTeX Font Info:    Overwriting symbol font `operators' in version `normal'
(Font)                  TU/PTSerif(0)/m/n --> TU/PTSerif(0)/m/n on input line 3
4.
LaTeX Font Info:    Overwriting math alphabet `\mathit' in version `normal'
(Font)                  OT1/cmr/m/it --> TU/PTSerif(0)/m/it on input line 34.
LaTeX Font Info:    Overwriting math alphabet `\mathbf' in version `normal'
(Font)                  OT1/cmr/bx/n --> TU/PTSerif(0)/b/n on input line 34.
LaTeX Font Info:    Overwriting math alphabet `\mathsf' in version `normal'
(Font)                  OT1/cmss/m/n --> TU/lmss/m/n on input line 34.
LaTeX Font Info:    Overwriting math alphabet `\mathtt' in version `normal'
(Font)                  OT1/cmtt/m/n --> TU/lmtt/m/n on input line 34.
LaTeX Font Info:    Overwriting symbol font `operators' in version `bold'
(Font)                  TU/PTSerif(0)/m/n --> TU/PTSerif(0)/b/n on input line 3
4.
LaTeX Font Info:    Overwriting math alphabet `\mathit' in version `bold'
(Font)                  OT1/cmr/bx/it --> TU/PTSerif(0)/b/it on input line 34.
LaTeX Font Info:    Overwriting math alphabet `\mathsf' in version `bold'
(Font)                  OT1/cmss/bx/n --> TU/lmss/b/n on input line 34.
LaTeX Font Info:    Overwriting math alphabet `\mathtt' in version `bold'
(Font)                  OT1/cmtt/m/n --> TU/lmtt/b/n on input line 34.
Package hyperref Info: Link coloring OFF on input line 34.
(./pesni.out) (./pesni.out)
\@outlinefile=\write6
\openout6 = `pesni.out'.

[1

] (./pesni.toc
LaTeX Font Info:    External font `cmex7' loaded for size
(Font)              <7> on input line 4.
Missing character: There is no ̆ (U+0306) in font PT Serif/OT:script=latn;langu
age=dflt;!
Missing character: There is no ̆ (U+0306) in font PT Serif/OT:script=latn;langu
age=dflt;!
[1


] [2]
Overfull \hbox (0.70557pt too wide) detected at line 58
 []\TU/PTSerif(1)/m/n/14.4 100[]
 []


Overfull \hbox (0.70557pt too wide) detected at line 59
 []\TU/PTSerif(1)/m/n/14.4 102[]
 []


Overfull \hbox (0.70557pt too wide) detected at line 60
 []\TU/PTSerif(1)/m/n/14.4 104[]
 []


Overfull \hbox (0.70557pt too wide) detected at line 61
 []\TU/PTSerif(1)/m/n/14.4 105[]
 []


Overfull \hbox (0.70557pt too wide) detected at line 62
 []\TU/PTSerif(1)/m/n/14.4 107[]
 []


Overfull \hbox (0.70557pt too wide) detected at line 63
 []\TU/PTSerif(1)/m/n/14.4 109[]
 []


Overfull \hbox (0.70557pt too wide) detected at line 64
 []\TU/PTSerif(1)/m/n/14.4 110[]
 []


Overfull \hbox (0.70557pt too wide) detected at line 65
 []\TU/PTSerif(1)/m/n/14.4 111[]
 []


Overfull \hbox (0.70557pt too wide) detected at line 66
 []\TU/PTSerif(1)/m/n/14.4 113[]
 []


Overfull \hbox (0.70557pt too wide) detected at line 67
 []\TU/PTSerif(1)/m/n/14.4 115[]
 []


Overfull \hbox (0.70557pt too wide) detected at line 68
 []\TU/PTSerif(1)/m/n/14.4 117[]
 []


Overfull \hbox (0.70557pt too wide) detected at line 69
 []\TU/PTSerif(1)/m/n/14.4 119[]
 []


Overfull \hbox (0.70557pt too wide) detected at line 70
 []\TU/PTSerif(1)/m/n/14.4 121[]
 []


Overfull \hbox (0.70557pt too wide) detected at line 71
 []\TU/PTSerif(1)/m/n/14.4 123[]
 []


Overfull \hbox (0.70557pt too wide) detected at line 72
 []\TU/PTSerif(1)/m/n/14.4 125[]
 []


Overfull \hbox (0.70557pt too wide) detected at line 73
 []\TU/PTSerif(1)/m/n/14.4 127[]
 []


Overfull \hbox (0.70557pt too wide) detected at line 74
 []\TU/PTSerif(1)/m/n/14.4 129[]
 []


Overfull \hbox (0.70557pt too wide) detected at line 75
 []\TU/PTSerif(1)/m/n/14.4 131[]
 []


Overfull \hbox (0.70557pt too wide) detected at line 76
 []\TU/PTSerif(1)/m/n/14.4 133[]
 []


Overfull \hbox (0.70557pt too wide) detected at line 77
 []\TU/PTSerif(1)/m/n/14.4 135[]
 []


Overfull \hbox (0.70557pt too wide) detected at line 78
 []\TU/PTSerif(1)/m/n/14.4 137[]
 []


Overfull \hbox (0.70557pt too wide) detected at line 79
 []\TU/PTSerif(1)/m/n/14.4 138[]
 []


Overfull \hbox (0.70557pt too wide) detected at line 80
 []\TU/PTSerif(1)/m/n/14.4 139[]
 []


Overfull \hbox (0.70557pt too wide) detected at line 81
 []\TU/PTSerif(1)/m/n/14.4 141[]
 []

[3]
Overfull \hbox (0.70557pt too wide) detected at line 82
 []\TU/PTSerif(1)/m/n/14.4 142[]
 []


Overfull \hbox (0.70557pt too wide) detected at line 83
 []\TU/PTSerif(1)/m/n/14.4 143[]
 []


Overfull \hbox (0.70557pt too wide) detected at line 84
 []\TU/PTSerif(1)/m/n/14.4 144[]
 []


Overfull \hbox (0.70557pt too wide) detected at line 85
 []\TU/PTSerif(1)/m/n/14.4 146[]
 []


Overfull \hbox (0.70557pt too wide) detected at line 86
 []\TU/PTSerif(1)/m/n/14.4 148[]
 []


Overfull \hbox (0.70557pt too wide) detected at line 87
 []\TU/PTSerif(1)/m/n/14.4 149[]
 []


Overfull \hbox (0.70557pt too wide) detected at line 88
 []\TU/PTSerif(1)/m/n/14.4 151[]
 []


Overfull \hbox (0.70557pt too wide) detected at line 89
 []\TU/PTSerif(1)/m/n/14.4 153[]
 []


Overfull \hbox (0.70557pt too wide) detected at line 90
 []\TU/PTSerif(1)/m/n/14.4 155[]
 []


Overfull \hbox (0.70557pt too wide) detected at line 91
 []\TU/PTSerif(1)/m/n/14.4 158[]
 []


Overfull \hbox (0.70557pt too wide) detected at line 92
 []\TU/PTSerif(1)/m/n/14.4 160[]
 []


Overfull \hbox (0.70557pt too wide) detected at line 93
 []\TU/PTSerif(1)/m/n/14.4 161[]
 []


Overfull \hbox (0.70557pt too wide) detected at line 94
 []\TU/PTSerif(1)/m/n/14.4 163[]
 []


Overfull \hbox (0.70557pt too wide) detected at line 95
 []\TU/PTSerif(1)/m/n/14.4 166[]
 []


Overfull \hbox (0.70557pt too wide) detected at line 96
 []\TU/PTSerif(1)/m/n/14.4 169[]
 []


Overfull \hbox (0.70557pt too wide) detected at line 97
 []\TU/PTSerif(1)/m/n/14.4 171[]
 []


Overfull \hbox (0.70557pt too wide) detected at line 98
 []\TU/PTSerif(1)/m/n/14.4 174[]
 []


Overfull \hbox (0.70557pt too wide) detected at line 99
 []\TU/PTSerif(1)/m/n/14.4 176[]
 []


Overfull \hbox (0.70557pt too wide) detected at line 100
 []\TU/PTSerif(1)/m/n/14.4 177[]
 []


Overfull \hbox (0.70557pt too wide) detected at line 101
 []\TU/PTSerif(1)/m/n/14.4 178[]
 []


Overfull \hbox (0.70557pt too wide) detected at line 102
 []\TU/PTSerif(1)/m/n/14.4 180[]
 []


Overfull \hbox (0.70557pt too wide) detected at line 103
 []\TU/PTSerif(1)/m/n/14.4 182[]
 []


Overfull \hbox (0.70557pt too wide) detected at line 104
 []\TU/PTSerif(1)/m/n/14.4 183[]
 []


Overfull \hbox (0.70557pt too wide) detected at line 105
 []\TU/PTSerif(1)/m/n/14.4 185[]
 []


Overfull \hbox (0.70557pt too wide) detected at line 106
 []\TU/PTSerif(1)/m/n/14.4 187[]
 []


Overfull \hbox (0.70557pt too wide) detected at line 107
 []\TU/PTSerif(1)/m/n/14.4 189[]
 []


Overfull \hbox (0.70557pt too wide) detected at line 108
 []\TU/PTSerif(1)/m/n/14.4 191[]
 []


Overfull \hbox (0.70557pt too wide) detected at line 109
 []\TU/PTSerif(1)/m/n/14.4 193[]
 []

[4]
Overfull \hbox (0.70557pt too wide) detected at line 111
 []\TU/PTSerif(1)/m/n/14.4 197[]
 []


Overfull \hbox (0.70557pt too wide) detected at line 112
 []\TU/PTSerif(1)/m/n/14.4 199[]
 []


Overfull \hbox (0.70557pt too wide) detected at line 113
 []\TU/PTSerif(1)/m/n/14.4 200[]
 []


Overfull \hbox (0.70557pt too wide) detected at line 114
 []\TU/PTSerif(1)/m/n/14.4 202[]
 []


Overfull \hbox (0.70557pt too wide) detected at line 115
 []\TU/PTSerif(1)/m/n/14.4 203[]
 []


Overfull \hbox (0.70557pt too wide) detected at line 116
 []\TU/PTSerif(1)/m/n/14.4 205[]
 []


Overfull \hbox (0.70557pt too wide) detected at line 117
 []\TU/PTSerif(1)/m/n/14.4 207[]
 []


Overfull \hbox (0.70557pt too wide) detected at line 118
 []\TU/PTSerif(1)/m/n/14.4 209[]
 []


Overfull \hbox (0.70557pt too wide) detected at line 119
 []\TU/PTSerif(1)/m/n/14.4 211[]
 []


Overfull \hbox (0.70557pt too wide) detected at line 120
 []\TU/PTSerif(1)/m/n/14.4 213[]
 []


Overfull \hbox (0.70557pt too wide) detected at line 121
 []\TU/PTSerif(1)/m/n/14.4 215[]
 []


Overfull \hbox (0.70557pt too wide) detected at line 122
 []\TU/PTSerif(1)/m/n/14.4 216[]
 []


Overfull \hbox (0.70557pt too wide) detected at line 123
 []\TU/PTSerif(1)/m/n/14.4 218[]
 []


Overfull \hbox (0.70557pt too wide) detected at line 124
 []\TU/PTSerif(1)/m/n/14.4 221[]
 []


Overfull \hbox (0.70557pt too wide) detected at line 125
 []\TU/PTSerif(1)/m/n/14.4 223[]
 []


Overfull \hbox (0.70557pt too wide) detected at line 126
 []\TU/PTSerif(1)/m/n/14.4 225[]
 []


Overfull \hbox (0.70557pt too wide) detected at line 127
 []\TU/PTSerif(1)/m/n/14.4 227[]
 []


Overfull \hbox (0.70557pt too wide) detected at line 128
 []\TU/PTSerif(1)/m/n/14.4 229[]
 []


Overfull \hbox (0.70557pt too wide) detected at line 130
 []\TU/PTSerif(1)/m/n/14.4 232[]
 []

Missing character: There is no ̆ (U+0306) in font PT Serif/OT:script=latn;langu
age=dflt;!

Overfull \hbox (0.70557pt too wide) detected at line 131
 []\TU/PTSerif(1)/m/n/14.4 234[]
 []


Overfull \hbox (0.70557pt too wide) detected at line 132
 []\TU/PTSerif(1)/m/n/14.4 237[]
 []

Missing character: There is no ̆ (U+0306) in font PT Serif/OT:script=latn;langu
age=dflt;!

Overfull \hbox (0.70557pt too wide) detected at line 133
 []\TU/PTSerif(1)/m/n/14.4 238[]
 []


Overfull \hbox (0.70557pt too wide) detected at line 134
 []\TU/PTSerif(1)/m/n/14.4 240[]
 []


Overfull \hbox (0.70557pt too wide) detected at line 135
 []\TU/PTSerif(1)/m/n/14.4 241[]
 []

Missing character: There is no ̆ (U+0306) in font PT Serif/OT:script=latn;langu
age=dflt;!

Overfull \hbox (0.70557pt too wide) detected at line 136
 []\TU/PTSerif(1)/m/n/14.4 242[]
 []


Overfull \hbox (0.70557pt too wide) detected at line 137
 []\TU/PTSerif(1)/m/n/14.4 244[]
 []

[5]
Overfull \hbox (0.70557pt too wide) detected at line 139
 []\TU/PTSerif(1)/m/n/14.4 247[]
 []


Overfull \hbox (0.70557pt too wide) detected at line 140
 []\TU/PTSerif(1)/m/n/14.4 250[]
 []


Overfull \hbox (0.70557pt too wide) detected at line 141
 []\TU/PTSerif(1)/m/n/14.4 252[]
 []


Overfull \hbox (0.70557pt too wide) detected at line 142
 []\TU/PTSerif(1)/m/n/14.4 254[]
 []


Overfull \hbox (0.70557pt too wide) detected at line 143
 []\TU/PTSerif(1)/m/n/14.4 256[]
 []


Overfull \hbox (0.70557pt too wide) detected at line 144
 []\TU/PTSerif(1)/m/n/14.4 258[]
 []


Overfull \hbox (0.70557pt too wide) detected at line 145
 []\TU/PTSerif(1)/m/n/14.4 260[]
 []


Overfull \hbox (0.70557pt too wide) detected at line 146
 []\TU/PTSerif(1)/m/n/14.4 262[]
 []


Overfull \hbox (0.70557pt too wide) detected at line 147
 []\TU/PTSerif(1)/m/n/14.4 264[]
 []


Overfull \hbox (0.70557pt too wide) detected at line 148
 []\TU/PTSerif(1)/m/n/14.4 266[]
 []


Overfull \hbox (0.70557pt too wide) detected at line 149
 []\TU/PTSerif(1)/m/n/14.4 268[]
 []


Overfull \hbox (0.70557pt too wide) detected at line 150
 []\TU/PTSerif(1)/m/n/14.4 269[]
 []


Overfull \hbox (0.70557pt too wide) detected at line 151
 []\TU/PTSerif(1)/m/n/14.4 271[]
 []


Overfull \hbox (0.70557pt too wide) detected at line 152
 []\TU/PTSerif(1)/m/n/14.4 273[]
 []


Overfull \hbox (0.70557pt too wide) detected at line 153
 []\TU/PTSerif(1)/m/n/14.4 275[]
 []


Overfull \hbox (0.70557pt too wide) detected at line 155
 []\TU/PTSerif(1)/m/n/14.4 279[]
 []


Overfull \hbox (0.70557pt too wide) detected at line 156
 []\TU/PTSerif(1)/m/n/14.4 281[]
 []


Overfull \hbox (0.70557pt too wide) detected at line 157
 []\TU/PTSerif(1)/m/n/14.4 283[]
 []


Overfull \hbox (0.70557pt too wide) detected at line 158
 []\TU/PTSerif(1)/m/n/14.4 286[]
 []


Overfull \hbox (0.70557pt too wide) detected at line 159
 []\TU/PTSerif(1)/m/n/14.4 288[]
 []


Overfull \hbox (0.70557pt too wide) detected at line 160
 []\TU/PTSerif(1)/m/n/14.4 289[]
 []


Overfull \hbox (0.70557pt too wide) detected at line 161
 []\TU/PTSerif(1)/m/n/14.4 292[]
 []


Overfull \hbox (0.70557pt too wide) detected at line 162
 []\TU/PTSerif(1)/m/n/14.4 293[]
 []


Overfull \hbox (0.70557pt too wide) detected at line 163
 []\TU/PTSerif(1)/m/n/14.4 294[]
 []


Overfull \hbox (0.70557pt too wide) detected at line 164
 []\TU/PTSerif(1)/m/n/14.4 295[]
 []


Overfull \hbox (0.70557pt too wide) detected at line 165
 []\TU/PTSerif(1)/m/n/14.4 297[]
 []


Overfull \hbox (0.70557pt too wide) detected at line 166
 []\TU/PTSerif(1)/m/n/14.4 298[]
 []


Overfull \hbox (0.70557pt too wide) detected at line 167
 []\TU/PTSerif(1)/m/n/14.4 300[]
 []

[6]
Overfull \hbox (0.70557pt too wide) detected at line 168
 []\TU/PTSerif(1)/m/n/14.4 302[]
 []


Overfull \hbox (0.70557pt too wide) detected at line 170
 []\TU/PTSerif(1)/m/n/14.4 305[]
 []


Overfull \hbox (0.70557pt too wide) detected at line 171
 []\TU/PTSerif(1)/m/n/14.4 307[]
 []


Overfull \hbox (0.70557pt too wide) detected at line 172
 []\TU/PTSerif(1)/m/n/14.4 308[]
 []


Overfull \hbox (0.70557pt too wide) detected at line 173
 []\TU/PTSerif(1)/m/n/14.4 310[]
 []


Overfull \hbox (0.70557pt too wide) detected at line 174
 []\TU/PTSerif(1)/m/n/14.4 312[]
 []


Overfull \hbox (0.70557pt too wide) detected at line 175
 []\TU/PTSerif(1)/m/n/14.4 314[]
 []


Overfull \hbox (0.70557pt too wide) detected at line 176
 []\TU/PTSerif(1)/m/n/14.4 315[]
 []


Overfull \hbox (0.70557pt too wide) detected at line 177
 []\TU/PTSerif(1)/m/n/14.4 317[]
 []

Missing character: There is no ̆ (U+0306) in font PT Serif/OT:script=latn;langu
age=dflt;!

Overfull \hbox (0.70557pt too wide) detected at line 178
 []\TU/PTSerif(1)/m/n/14.4 319[]
 []

Missing character: There is no ̆ (U+0306) in font PT Serif/OT:script=latn;langu
age=dflt;!
Missing character: There is no ̈ (U+0308) in font PT Serif/OT:script=latn;langu
age=dflt;!

Overfull \hbox (0.70557pt too wide) detected at line 179
 []\TU/PTSerif(1)/m/n/14.4 321[]
 []

Missing character: There is no ̆ (U+0306) in font PT Serif/OT:script=latn;langu
age=dflt;!

Overfull \hbox (0.70557pt too wide) detected at line 180
 []\TU/PTSerif(1)/m/n/14.4 323[]
 []


Overfull \hbox (0.70557pt too wide) detected at line 181
 []\TU/PTSerif(1)/m/n/14.4 325[]
 []


Overfull \hbox (0.70557pt too wide) detected at line 182
 []\TU/PTSerif(1)/m/n/14.4 329[]
 []

)
\tf@toc=\write7
\openout7 = `pesni.toc'.

[7] (./songs.tex [8


]
Underfull \hbox (badness 10000) in paragraph at lines 12--15

 []


Underfull \hbox (badness 10000) in paragraph at lines 20--24

 []


Underfull \hbox (badness 10000) in paragraph at lines 29--32

 []


Underfull \hbox (badness 10000) in paragraph at lines 37--41

 []


Underfull \hbox (badness 10000) in paragraph at lines 46--49

 []


Underfull \hbox (badness 10000) in paragraph at lines 54--58

 []


Underfull \hbox (badness 10000) in paragraph at lines 63--66

 []


Package fancyhdr Warning: \footskip is too small (14.22636pt): 
(fancyhdr)                Make it at least 17.4pt, for example:
(fancyhdr)                \setlength{\footskip}{17.4pt}.

[9]
Underfull \hbox (badness 10000) in paragraph at lines 71--75

 []


Package fancyhdr Warning: \footskip is too small (14.22636pt): 
(fancyhdr)                Make it at least 17.4pt, for example:
(fancyhdr)                \setlength{\footskip}{17.4pt}.

[10]
Underfull \hbox (badness 10000) in paragraph at lines 88--92

 []

Missing character: There is no ̆ (U+0306) in font PT Serif/OT:script=latn;langu
age=dflt;!
Missing character: There is no ̈ (U+0308) in font PT Serif/OT:script=latn;langu
age=dflt;!
Missing character: There is no ̈ (U+0308) in font PT Serif/OT:script=latn;langu
age=dflt;!
Missing character: There is no ̈ (U+0308) in font PT Serif/OT:script=latn;langu
age=dflt;!

Underfull \hbox (badness 10000) in paragraph at lines 97--101

 []


Underfull \hbox (badness 10000) in paragraph at lines 106--110

 []

Missing character: There is no ̈ (U+0308) in font PT Serif/OT:script=latn;langu
age=dflt;!
Missing character: There is no ̈ (U+0308) in font PT Serif/OT:script=latn;langu
age=dflt;!

Underfull \hbox (badness 10000) in paragraph at lines 115--119

 []


Underfull \hbox (badness 10000) in paragraph at lines 124--128

 []


Underfull \hbox (badness 10000) in paragraph at lines 133--137

 []


Package fancyhdr Warning: \footskip is too small (14.22636pt): 
(fancyhdr)                Make it at least 17.4pt, for example:
(fancyhdr)                \setlength{\footskip}{17.4pt}.

[11]
Underfull \hbox (badness 10000) in paragraph at lines 142--146

 []


Package fancyhdr Warning: \footskip is too small (14.22636pt): 
(fancyhdr)                Make it at least 17.4pt, for example:
(fancyhdr)                \setlength{\footskip}{17.4pt}.

[12]
Underfull \hbox (badness 10000) in paragraph at lines 154--158

 []


Underfull \hbox (badness 10000) in paragraph at lines 163--167

 []


Underfull \hbox (badness 10000) in paragraph at lines 172--176

 []


Underfull \hbox (badness 10000) in paragraph at lines 181--185

 []


Package fancyhdr Warning: \footskip is too small (14.22636pt): 
(fancyhdr)                Make it at least 17.4pt, for example:
(fancyhdr)                \setlength{\footskip}{17.4pt}.

[13]
Missing character: There is no ̆ (U+0306) in font PT Serif Bold/OT:script=latn;
language=dflt;!

Underfull \hbox (badness 10000) in paragraph at lines 198--202

 []

Missing character: There is no ̆ (U+0306) in font PT Serif/OT:script=latn;langu
age=dflt;!
Missing character: There is no ̆ (U+0306) in font PT Serif/OT:script=latn;langu
age=dflt;!

Underfull \hbox (badness 10000) in paragraph at lines 207--217

 []

Missing character: There is no ̆ (U+0306) in font PT Serif/OT:script=latn;langu
age=dflt;!

Underfull \hbox (badness 10000) in paragraph at lines 222--226

 []

Missing character: There is no ̆ (U+0306) in font PT Serif/OT:script=latn;langu
age=dflt;!
Missing character: There is no ̆ (U+0306) in font PT Serif/OT:script=latn;langu
age=dflt;!

Underfull \hbox (badness 10000) in paragraph at lines 231--241

 []


Package fancyhdr Warning: \footskip is too small (14.22636pt): 
(fancyhdr)                Make it at least 17.4pt, for example:
(fancyhdr)                \setlength{\footskip}{17.4pt}.

[14]
Missing character: There is no ̆ (U+0306) in font PT Serif/OT:script=latn;langu
age=dflt;!
Missing character: There is no ̆ (U+0306) in font PT Serif/OT:script=latn;langu
age=dflt;!
Missing character: There is no ̆ (U+0306) in font PT Serif/OT:script=latn;langu
age=dflt;!

Underfull \hbox (badness 10000) in paragraph at lines 246--250

 []

Missing character: There is no ̆ (U+0306) in font PT Serif/OT:script=latn;langu
age=dflt;!
Missing character: There is no ̆ (U+0306) in font PT Serif Bold/OT:script=latn;
language=dflt;!

Underfull \hbox (badness 10000) in paragraph at lines 255--265

 []


Package fancyhdr Warning: \footskip is too small (14.22636pt): 
(fancyhdr)                Make it at least 17.4pt, for example:
(fancyhdr)                \setlength{\footskip}{17.4pt}.

[15]
Underfull \hbox (badness 10000) in paragraph at lines 275--279

 []


Underfull \hbox (badness 10000) in paragraph at lines 284--287

 []


Underfull \hbox (badness 10000) in paragraph at lines 292--296

 []


Underfull \hbox (badness 10000) in paragraph at lines 301--304

 []


Underfull \hbox (badness 10000) in paragraph at lines 309--313

 []


Underfull \hbox (badness 10000) in paragraph at lines 318--321

 []


Underfull \hbox (badness 10000) in paragraph at lines 326--330

 []


Package fancyhdr Warning: \footskip is too small (14.22636pt): 
(fancyhdr)                Make it at least 17.4pt, for example:
(fancyhdr)                \setlength{\footskip}{17.4pt}.

[16]
Underfull \hbox (badness 10000) in paragraph at lines 335--338

 []


Package fancyhdr Warning: \footskip is too small (14.22636pt): 
(fancyhdr)                Make it at least 17.4pt, for example:
(fancyhdr)                \setlength{\footskip}{17.4pt}.

[17]
Missing character: There is no ̆ (U+0306) in font PT Serif/OT:script=latn;langu
age=dflt;!

Underfull \hbox (badness 10000) in paragraph at lines 351--355

 []

Missing character: There is no ̆ (U+0306) in font PT Serif/OT:script=latn;langu
age=dflt;!

Underfull \hbox (badness 10000) in paragraph at lines 360--364

 []


Underfull \hbox (badness 10000) in paragraph at lines 369--373

 []


Underfull \hbox (badness 10000) in paragraph at lines 378--382

 []

Missing character: There is no ̆ (U+0306) in font PT Serif/OT:script=latn;langu
age=dflt;!
Missing character: There is no ̆ (U+0306) in font PT Serif/OT:script=latn;langu
age=dflt;!

Underfull \hbox (badness 10000) in paragraph at lines 387--391

 []


Underfull \hbox (badness 10000) in paragraph at lines 396--400

 []


Package fancyhdr Warning: \footskip is too small (14.22636pt): 
(fancyhdr)                Make it at least 17.4pt, for example:
(fancyhdr)                \setlength{\footskip}{17.4pt}.

[18]
Missing character: There is no ̆ (U+0306) in font PT Serif/OT:script=latn;langu
age=dflt;!

Underfull \hbox (badness 10000) in paragraph at lines 405--409

 []


Package fancyhdr Warning: \footskip is too small (14.22636pt): 
(fancyhdr)                Make it at least 17.4pt, for example:
(fancyhdr)                \setlength{\footskip}{17.4pt}.

[19]
Missing character: There is no ̈ (U+0308) in font PT Serif/OT:script=latn;langu
age=dflt;!
Missing character: There is no ̆ (U+0306) in font PT Serif/OT:script=latn;langu
age=dflt;!

Underfull \hbox (badness 10000) in paragraph at lines 422--426

 []

Missing character: There is no ̈ (U+0308) in font PT Serif/OT:script=latn;langu
age=dflt;!

Underfull \hbox (badness 10000) in paragraph at lines 431--435

 []


Underfull \hbox (badness 10000) in paragraph at lines 440--446

 []


Underfull \hbox (badness 10000) in paragraph at lines 451--455

 []

Missing character: There is no ̈ (U+0308) in font PT Serif/OT:script=latn;langu
age=dflt;!

Underfull \hbox (badness 10000) in paragraph at lines 460--464

 []


Underfull \hbox (badness 10000) in paragraph at lines 469--475

 []


Package fancyhdr Warning: \footskip is too small (14.22636pt): 
(fancyhdr)                Make it at least 17.4pt, for example:
(fancyhdr)                \setlength{\footskip}{17.4pt}.

[20]
Missing character: There is no ̆ (U+0306) in font PT Serif/OT:script=latn;langu
age=dflt;!
Missing character: There is no ̆ (U+0306) in font PT Serif/OT:script=latn;langu
age=dflt;!
Missing character: There is no ̆ (U+0306) in font PT Serif/OT:script=latn;langu
age=dflt;!
Missing character: There is no ̈ (U+0308) in font PT Serif/OT:script=latn;langu
age=dflt;!

Underfull \hbox (badness 10000) in paragraph at lines 480--484

 []

Missing character: There is no ̈ (U+0308) in font PT Serif/OT:script=latn;langu
age=dflt;!

Underfull \hbox (badness 10000) in paragraph at lines 489--493

 []


Underfull \hbox (badness 10000) in paragraph at lines 498--504

 []


Package fancyhdr Warning: \footskip is too small (14.22636pt): 
(fancyhdr)                Make it at least 17.4pt, for example:
(fancyhdr)                \setlength{\footskip}{17.4pt}.

[21]
Underfull \hbox (badness 10000) in paragraph at lines 512--520

 []


Underfull \hbox (badness 10000) in paragraph at lines 525--531

 []


Underfull \hbox (badness 10000) in paragraph at lines 536--544

 []


Underfull \hbox (badness 10000) in paragraph at lines 549--555

 []


Package fancyhdr Warning: \footskip is too small (14.22636pt): 
(fancyhdr)                Make it at least 17.4pt, for example:
(fancyhdr)                \setlength{\footskip}{17.4pt}.

[22]
Underfull \hbox (badness 10000) in paragraph at lines 560--568

 []


Underfull \hbox (badness 10000) in paragraph at lines 573--579

 []


Package fancyhdr Warning: \footskip is too small (14.22636pt): 
(fancyhdr)                Make it at least 17.4pt, for example:
(fancyhdr)                \setlength{\footskip}{17.4pt}.

[23]
Missing character: There is no ̆ (U+0306) in font PT Serif Bold/OT:script=latn;
language=dflt;!

Underfull \hbox (badness 10000) in paragraph at lines 592--596

 []


Underfull \hbox (badness 10000) in paragraph at lines 601--603

 []

Missing character: There is no ̈ (U+0308) in font PT Serif/OT:script=latn;langu
age=dflt;!

Underfull \hbox (badness 10000) in paragraph at lines 608--612

 []


Underfull \hbox (badness 10000) in paragraph at lines 617--619

 []

Missing character: There is no ̈ (U+0308) in font PT Serif/OT:script=latn;langu
age=dflt;!
Missing character: There is no ̆ (U+0306) in font PT Serif/OT:script=latn;langu
age=dflt;!

Underfull \hbox (badness 10000) in paragraph at lines 624--628

 []


Underfull \hbox (badness 10000) in paragraph at lines 633--635

 []


Underfull \hbox (badness 10000) in paragraph at lines 640--642

 []


Package fancyhdr Warning: \footskip is too small (14.22636pt): 
(fancyhdr)                Make it at least 17.4pt, for example:
(fancyhdr)                \setlength{\footskip}{17.4pt}.

[24]
Missing character: There is no ̆ (U+0306) in font PT Serif/OT:script=latn;langu
age=dflt;!

Underfull \hbox (badness 10000) in paragraph at lines 655--658

 []

Missing character: There is no ̆ (U+0306) in font PT Serif/OT:script=latn;langu
age=dflt;!
Missing character: There is no ̈ (U+0308) in font PT Serif/OT:script=latn;langu
age=dflt;!
Missing character: There is no ̆ (U+0306) in font PT Serif/OT:script=latn;langu
age=dflt;!
Missing character: There is no ̆ (U+0306) in font PT Serif/OT:script=latn;langu
age=dflt;!

Underfull \hbox (badness 10000) in paragraph at lines 663--666

 []


Underfull \hbox (badness 10000) in paragraph at lines 671--675

 []

Missing character: There is no ̈ (U+0308) in font PT Serif/OT:script=latn;langu
age=dflt;!

Underfull \hbox (badness 10000) in paragraph at lines 680--683

 []

Missing character: There is no ̈ (U+0308) in font PT Serif/OT:script=latn;langu
age=dflt;!

Underfull \hbox (badness 10000) in paragraph at lines 688--691

 []


Underfull \hbox (badness 10000) in paragraph at lines 696--700

 []


Package fancyhdr Warning: \footskip is too small (14.22636pt): 
(fancyhdr)                Make it at least 17.4pt, for example:
(fancyhdr)                \setlength{\footskip}{17.4pt}.

[25]
Underfull \hbox (badness 10000) in paragraph at lines 710--713

 []


Underfull \hbox (badness 10000) in paragraph at lines 718--722

 []


Underfull \hbox (badness 10000) in paragraph at lines 727--730

 []


Underfull \hbox (badness 10000) in paragraph at lines 735--739

 []


Package fancyhdr Warning: \footskip is too small (14.22636pt): 
(fancyhdr)                Make it at least 17.4pt, for example:
(fancyhdr)                \setlength{\footskip}{17.4pt}.

[26]
Underfull \hbox (badness 10000) in paragraph at lines 749--753

 []


Underfull \hbox (badness 10000) in paragraph at lines 758--762

 []


Underfull \hbox (badness 10000) in paragraph at lines 767--771

 []


Underfull \hbox (badness 10000) in paragraph at lines 776--780

 []


Package fancyhdr Warning: \footskip is too small (14.22636pt): 
(fancyhdr)                Make it at least 17.4pt, for example:
(fancyhdr)                \setlength{\footskip}{17.4pt}.

[27]
Missing character: There is no ̈ (U+0308) in font PT Serif/OT:script=latn;langu
age=dflt;!
Missing character: There is no ̆ (U+0306) in font PT Serif/OT:script=latn;langu
age=dflt;!
Missing character: There is no ̆ (U+0306) in font PT Serif/OT:script=latn;langu
age=dflt;!

Underfull \hbox (badness 10000) in paragraph at lines 793--797

 []

Missing character: There is no ̈ (U+0308) in font PT Serif/OT:script=latn;langu
age=dflt;!
Missing character: There is no ̈ (U+0308) in font PT Serif/OT:script=latn;langu
age=dflt;!
Missing character: There is no ̈ (U+0308) in font PT Serif/OT:script=latn;langu
age=dflt;!

Underfull \hbox (badness 10000) in paragraph at lines 802--806

 []

Missing character: There is no ̈ (U+0308) in font PT Serif/OT:script=latn;langu
age=dflt;!
Missing character: There is no ̈ (U+0308) in font PT Serif/OT:script=latn;langu
age=dflt;!

Underfull \hbox (badness 10000) in paragraph at lines 811--815

 []

Missing character: There is no ̈ (U+0308) in font PT Serif/OT:script=latn;langu
age=dflt;!
Missing character: There is no ̈ (U+0308) in font PT Serif/OT:script=latn;langu
age=dflt;!
Missing character: There is no ̈ (U+0308) in font PT Serif/OT:script=latn;langu
age=dflt;!

Underfull \hbox (badness 10000) in paragraph at lines 820--824

 []

Missing character: There is no ̆ (U+0306) in font PT Serif/OT:script=latn;langu
age=dflt;!

Underfull \hbox (badness 10000) in paragraph at lines 829--833

 []

Missing character: There is no ̈ (U+0308) in font PT Serif/OT:script=latn;langu
age=dflt;!
Missing character: There is no ̈ (U+0308) in font PT Serif/OT:script=latn;langu
age=dflt;!
Missing character: There is no ̈ (U+0308) in font PT Serif/OT:script=latn;langu
age=dflt;!

Underfull \hbox (badness 10000) in paragraph at lines 838--842

 []


Package fancyhdr Warning: \footskip is too small (14.22636pt): 
(fancyhdr)                Make it at least 17.4pt, for example:
(fancyhdr)                \setlength{\footskip}{17.4pt}.

[28]

Package fancyhdr Warning: \footskip is too small (14.22636pt): 
(fancyhdr)                Make it at least 17.4pt, for example:
(fancyhdr)                \setlength{\footskip}{17.4pt}.

[29]
Underfull \hbox (badness 10000) in paragraph at lines 855--859

 []

Missing character: There is no ̆ (U+0306) in font PT Serif/OT:script=latn;langu
age=dflt;!
Missing character: There is no ̈ (U+0308) in font PT Serif/OT:script=latn;langu
age=dflt;!
Missing character: There is no ̆ (U+0306) in font PT Serif/OT:script=latn;langu
age=dflt;!
Missing character: There is no ̈ (U+0308) in font PT Serif/OT:script=latn;langu
age=dflt;!
Missing character: There is no ̆ (U+0306) in font PT Serif/OT:script=latn;langu
age=dflt;!
Missing character: There is no ̈ (U+0308) in font PT Serif/OT:script=latn;langu
age=dflt;!
Missing character: There is no ̆ (U+0306) in font PT Serif/OT:script=latn;langu
age=dflt;!
Missing character: There is no ̈ (U+0308) in font PT Serif/OT:script=latn;langu
age=dflt;!
Missing character: There is no ̆ (U+0306) in font PT Serif/OT:script=latn;langu
age=dflt;!
Missing character: There is no ̈ (U+0308) in font PT Serif/OT:script=latn;langu
age=dflt;!
Missing character: There is no ̆ (U+0306) in font PT Serif/OT:script=latn;langu
age=dflt;!
Missing character: There is no ̈ (U+0308) in font PT Serif/OT:script=latn;langu
age=dflt;!

Underfull \hbox (badness 10000) in paragraph at lines 864--868

 []

Missing character: There is no ̈ (U+0308) in font PT Serif/OT:script=latn;langu
age=dflt;!
Missing character: There is no ̆ (U+0306) in font PT Serif/OT:script=latn;langu
age=dflt;!

Underfull \hbox (badness 10000) in paragraph at lines 873--877

 []

Missing character: There is no ̆ (U+0306) in font PT Serif Bold/OT:script=latn;
language=dflt;!
Missing character: There is no ̈ (U+0308) in font PT Serif Bold/OT:script=latn;
language=dflt;!
Missing character: There is no ̆ (U+0306) in font PT Serif Bold/OT:script=latn;
language=dflt;!
Missing character: There is no ̈ (U+0308) in font PT Serif Bold/OT:script=latn;
language=dflt;!
Missing character: There is no ̆ (U+0306) in font PT Serif Bold/OT:script=latn;
language=dflt;!
Missing character: There is no ̈ (U+0308) in font PT Serif Bold/OT:script=latn;
language=dflt;!
Missing character: There is no ̆ (U+0306) in font PT Serif Bold/OT:script=latn;
language=dflt;!
Missing character: There is no ̈ (U+0308) in font PT Serif Bold/OT:script=latn;
language=dflt;!
Missing character: There is no ̆ (U+0306) in font PT Serif Bold/OT:script=latn;
language=dflt;!
Missing character: There is no ̈ (U+0308) in font PT Serif Bold/OT:script=latn;
language=dflt;!
Missing character: There is no ̆ (U+0306) in font PT Serif Bold/OT:script=latn;
language=dflt;!
Missing character: There is no ̈ (U+0308) in font PT Serif Bold/OT:script=latn;
language=dflt;!

Underfull \hbox (badness 10000) in paragraph at lines 882--886

 []

Missing character: There is no ̆ (U+0306) in font PT Serif/OT:script=latn;langu
age=dflt;!
Missing character: There is no ̈ (U+0308) in font PT Serif/OT:script=latn;langu
age=dflt;!
Missing character: There is no ̆ (U+0306) in font PT Serif/OT:script=latn;langu
age=dflt;!
Missing character: There is no ̈ (U+0308) in font PT Serif/OT:script=latn;langu
age=dflt;!
Missing character: There is no ̆ (U+0306) in font PT Serif/OT:script=latn;langu
age=dflt;!
Missing character: There is no ̈ (U+0308) in font PT Serif/OT:script=latn;langu
age=dflt;!
Missing character: There is no ̆ (U+0306) in font PT Serif/OT:script=latn;langu
age=dflt;!
Missing character: There is no ̈ (U+0308) in font PT Serif/OT:script=latn;langu
age=dflt;!
Missing character: There is no ̆ (U+0306) in font PT Serif/OT:script=latn;langu
age=dflt;!
Missing character: There is no ̈ (U+0308) in font PT Serif/OT:script=latn;langu
age=dflt;!

Underfull \hbox (badness 10000) in paragraph at lines 891--894

 []


Package fancyhdr Warning: \footskip is too small (14.22636pt): 
(fancyhdr)                Make it at least 17.4pt, for example:
(fancyhdr)                \setlength{\footskip}{17.4pt}.

[30]
Underfull \hbox (badness 10000) in paragraph at lines 907--909

 []

Missing character: There is no ̆ (U+0306) in font PT Serif/OT:script=latn;langu
age=dflt;!
Missing character: There is no ̆ (U+0306) in font PT Serif/OT:script=latn;langu
age=dflt;!
Missing character: There is no ̆ (U+0306) in font PT Serif/OT:script=latn;langu
age=dflt;!

Underfull \hbox (badness 10000) in paragraph at lines 914--917

 []

Missing character: There is no ̈ (U+0308) in font PT Serif/OT:script=latn;langu
age=dflt;!

Underfull \hbox (badness 10000) in paragraph at lines 922--924

 []

Missing character: There is no ̈ (U+0308) in font PT Serif/OT:script=latn;langu
age=dflt;!
Missing character: There is no ̆ (U+0306) in font PT Serif/OT:script=latn;langu
age=dflt;!
Missing character: There is no ̆ (U+0306) in font PT Serif/OT:script=latn;langu
age=dflt;!

Underfull \hbox (badness 10000) in paragraph at lines 929--932

 []

Missing character: There is no ̆ (U+0306) in font PT Serif/OT:script=latn;langu
age=dflt;!

Underfull \hbox (badness 10000) in paragraph at lines 937--939

 []

Missing character: There is no ̆ (U+0306) in font PT Serif/OT:script=latn;langu
age=dflt;!
Missing character: There is no ̆ (U+0306) in font PT Serif/OT:script=latn;langu
age=dflt;!
Missing character: There is no ̆ (U+0306) in font PT Serif/OT:script=latn;langu
age=dflt;!
Missing character: There is no ̆ (U+0306) in font PT Serif/OT:script=latn;langu
age=dflt;!

Underfull \hbox (badness 10000) in paragraph at lines 944--947

 []


Package fancyhdr Warning: \footskip is too small (14.22636pt): 
(fancyhdr)                Make it at least 17.4pt, for example:
(fancyhdr)                \setlength{\footskip}{17.4pt}.

[31]
Missing character: There is no ̆ (U+0306) in font PT Serif/OT:script=latn;langu
age=dflt;!
Missing character: There is no ̆ (U+0306) in font PT Serif/OT:script=latn;langu
age=dflt;!
Missing character: There is no ̈ (U+0308) in font PT Serif/OT:script=latn;langu
age=dflt;!
Missing character: There is no ̆ (U+0306) in font PT Serif/OT:script=latn;langu
age=dflt;!
Missing character: There is no ̈ (U+0308) in font PT Serif/OT:script=latn;langu
age=dflt;!
Missing character: There is no ̈ (U+0308) in font PT Serif/OT:script=latn;langu
age=dflt;!

Underfull \hbox (badness 10000) in paragraph at lines 960--964

 []


Underfull \hbox (badness 10000) in paragraph at lines 969--971

 []

Missing character: There is no ̆ (U+0306) in font PT Serif/OT:script=latn;langu
age=dflt;!

Underfull \hbox (badness 10000) in paragraph at lines 976--978

 []

Missing character: There is no ̆ (U+0306) in font PT Serif/OT:script=latn;langu
age=dflt;!

Underfull \hbox (badness 10000) in paragraph at lines 983--985

 []

Missing character: There is no ̆ (U+0306) in font PT Serif/OT:script=latn;langu
age=dflt;!
Missing character: There is no ̆ (U+0306) in font PT Serif/OT:script=latn;langu
age=dflt;!
Missing character: There is no ̆ (U+0306) in font PT Serif/OT:script=latn;langu
age=dflt;!
Missing character: There is no ̆ (U+0306) in font PT Serif/OT:script=latn;langu
age=dflt;!
Missing character: There is no ̆ (U+0306) in font PT Serif/OT:script=latn;langu
age=dflt;!
Missing character: There is no ̆ (U+0306) in font PT Serif/OT:script=latn;langu
age=dflt;!
Missing character: There is no ̈ (U+0308) in font PT Serif/OT:script=latn;langu
age=dflt;!

Underfull \hbox (badness 10000) in paragraph at lines 990--994

 []

Missing character: There is no ̆ (U+0306) in font PT Serif/OT:script=latn;langu
age=dflt;!
Missing character: There is no ̆ (U+0306) in font PT Serif/OT:script=latn;langu
age=dflt;!
Missing character: There is no ̆ (U+0306) in font PT Serif/OT:script=latn;langu
age=dflt;!

Underfull \hbox (badness 10000) in paragraph at lines 999--1003

 []


Underfull \hbox (badness 10000) in paragraph at lines 1008--1010

 []

Missing character: There is no ̆ (U+0306) in font PT Serif Bold/OT:script=latn;
language=dflt;!

Underfull \hbox (badness 10000) in paragraph at lines 1015--1017

 []


Package fancyhdr Warning: \footskip is too small (14.22636pt): 
(fancyhdr)                Make it at least 17.4pt, for example:
(fancyhdr)                \setlength{\footskip}{17.4pt}.

[32]
Missing character: There is no ̆ (U+0306) in font PT Serif Bold/OT:script=latn;
language=dflt;!

Underfull \hbox (badness 10000) in paragraph at lines 1022--1024

 []


Package fancyhdr Warning: \footskip is too small (14.22636pt): 
(fancyhdr)                Make it at least 17.4pt, for example:
(fancyhdr)                \setlength{\footskip}{17.4pt}.

[33]
Underfull \hbox (badness 10000) in paragraph at lines 1035--1041

 []


Underfull \hbox (badness 10000) in paragraph at lines 1046--1052

 []


Underfull \hbox (badness 10000) in paragraph at lines 1057--1063

 []


Underfull \hbox (badness 10000) in paragraph at lines 1068--1074

 []


Package fancyhdr Warning: \footskip is too small (14.22636pt): 
(fancyhdr)                Make it at least 17.4pt, for example:
(fancyhdr)                \setlength{\footskip}{17.4pt}.

[34] [35

]
Underfull \hbox (badness 10000) in paragraph at lines 1091--1097

 []


Underfull \hbox (badness 10000) in paragraph at lines 1102--1108

 []


Underfull \hbox (badness 10000) in paragraph at lines 1113--1119

 []


Underfull \hbox (badness 10000) in paragraph at lines 1124--1130

 []


Underfull \hbox (badness 10000) in paragraph at lines 1135--1141

 []


Package fancyhdr Warning: \footskip is too small (14.22636pt): 
(fancyhdr)                Make it at least 17.4pt, for example:
(fancyhdr)                \setlength{\footskip}{17.4pt}.

[36]

Package fancyhdr Warning: \footskip is too small (14.22636pt): 
(fancyhdr)                Make it at least 17.4pt, for example:
(fancyhdr)                \setlength{\footskip}{17.4pt}.

[37]
Underfull \hbox (badness 10000) in paragraph at lines 1153--1157

 []


Underfull \hbox (badness 10000) in paragraph at lines 1162--1166

 []


Underfull \hbox (badness 10000) in paragraph at lines 1171--1175

 []


Underfull \hbox (badness 10000) in paragraph at lines 1180--1184

 []


Underfull \hbox (badness 10000) in paragraph at lines 1189--1193

 []


Underfull \hbox (badness 10000) in paragraph at lines 1198--1202

 []


Package fancyhdr Warning: \footskip is too small (14.22636pt): 
(fancyhdr)                Make it at least 17.4pt, for example:
(fancyhdr)                \setlength{\footskip}{17.4pt}.

[38]

Package fancyhdr Warning: \footskip is too small (14.22636pt): 
(fancyhdr)                Make it at least 17.4pt, for example:
(fancyhdr)                \setlength{\footskip}{17.4pt}.

[39]
Underfull \hbox (badness 10000) in paragraph at lines 1214--1218

 []


Underfull \hbox (badness 10000) in paragraph at lines 1223--1227

 []


Underfull \hbox (badness 10000) in paragraph at lines 1232--1236

 []


Underfull \hbox (badness 10000) in paragraph at lines 1241--1245

 []


Underfull \hbox (badness 10000) in paragraph at lines 1250--1254

 []


Underfull \hbox (badness 10000) in paragraph at lines 1259--1263

 []


Package fancyhdr Warning: \footskip is too small (14.22636pt): 
(fancyhdr)                Make it at least 17.4pt, for example:
(fancyhdr)                \setlength{\footskip}{17.4pt}.

[40]
Underfull \hbox (badness 10000) in paragraph at lines 1268--1272

 []


Package fancyhdr Warning: \footskip is too small (14.22636pt): 
(fancyhdr)                Make it at least 17.4pt, for example:
(fancyhdr)                \setlength{\footskip}{17.4pt}.

[41]
Underfull \hbox (badness 10000) in paragraph at lines 1282--1286

 []


Underfull \hbox (badness 10000) in paragraph at lines 1291--1295

 []


Underfull \hbox (badness 10000) in paragraph at lines 1300--1304

 []


Underfull \hbox (badness 10000) in paragraph at lines 1309--1313

 []


Underfull \hbox (badness 10000) in paragraph at lines 1318--1322

 []


Underfull \hbox (badness 10000) in paragraph at lines 1327--1331

 []


Package fancyhdr Warning: \footskip is too small (14.22636pt): 
(fancyhdr)                Make it at least 17.4pt, for example:
(fancyhdr)                \setlength{\footskip}{17.4pt}.

[42]
Underfull \hbox (badness 10000) in paragraph at lines 1336--1340

 []


Underfull \hbox (badness 10000) in paragraph at lines 1345--1349

 []


Package fancyhdr Warning: \footskip is too small (14.22636pt): 
(fancyhdr)                Make it at least 17.4pt, for example:
(fancyhdr)                \setlength{\footskip}{17.4pt}.

[43]
Underfull \hbox (badness 10000) in paragraph at lines 1361--1365

 []


Underfull \hbox (badness 10000) in paragraph at lines 1370--1374

 []


Underfull \hbox (badness 10000) in paragraph at lines 1379--1383

 []


Underfull \hbox (badness 10000) in paragraph at lines 1388--1392

 []


Underfull \hbox (badness 10000) in paragraph at lines 1397--1401

 []


Underfull \hbox (badness 10000) in paragraph at lines 1406--1412

 []


Package fancyhdr Warning: \footskip is too small (14.22636pt): 
(fancyhdr)                Make it at least 17.4pt, for example:
(fancyhdr)                \setlength{\footskip}{17.4pt}.

[44]

Package fancyhdr Warning: \footskip is too small (14.22636pt): 
(fancyhdr)                Make it at least 17.4pt, for example:
(fancyhdr)                \setlength{\footskip}{17.4pt}.

[45]
Underfull \hbox (badness 10000) in paragraph at lines 1423--1427

 []


Underfull \hbox (badness 10000) in paragraph at lines 1432--1436

 []


Underfull \hbox (badness 10000) in paragraph at lines 1441--1445

 []


Underfull \hbox (badness 10000) in paragraph at lines 1450--1454

 []


Underfull \hbox (badness 10000) in paragraph at lines 1459--1463

 []


Underfull \hbox (badness 10000) in paragraph at lines 1468--1472

 []


Package fancyhdr Warning: \footskip is too small (14.22636pt): 
(fancyhdr)                Make it at least 17.4pt, for example:
(fancyhdr)                \setlength{\footskip}{17.4pt}.

[46]
Underfull \hbox (badness 10000) in paragraph at lines 1477--1481

 []


Underfull \hbox (badness 10000) in paragraph at lines 1486--1490

 []


Underfull \hbox (badness 10000) in paragraph at lines 1495--1499

 []


Package fancyhdr Warning: \footskip is too small (14.22636pt): 
(fancyhdr)                Make it at least 17.4pt, for example:
(fancyhdr)                \setlength{\footskip}{17.4pt}.

[47]
Underfull \hbox (badness 10000) in paragraph at lines 1509--1513

 []


Underfull \hbox (badness 10000) in paragraph at lines 1518--1522

 []


Underfull \hbox (badness 10000) in paragraph at lines 1527--1531

 []


Underfull \hbox (badness 10000) in paragraph at lines 1536--1540

 []


Underfull \hbox (badness 10000) in paragraph at lines 1545--1549

 []


Package fancyhdr Warning: \footskip is too small (14.22636pt): 
(fancyhdr)                Make it at least 17.4pt, for example:
(fancyhdr)                \setlength{\footskip}{17.4pt}.

[48]
Underfull \hbox (badness 10000) in paragraph at lines 1559--1563

 []


Underfull \hbox (badness 10000) in paragraph at lines 1568--1572

 []


Underfull \hbox (badness 10000) in paragraph at lines 1577--1581

 []


Underfull \hbox (badness 10000) in paragraph at lines 1586--1590

 []


Underfull \hbox (badness 10000) in paragraph at lines 1595--1599

 []


Underfull \hbox (badness 10000) in paragraph at lines 1604--1608

 []


Package fancyhdr Warning: \footskip is too small (14.22636pt): 
(fancyhdr)                Make it at least 17.4pt, for example:
(fancyhdr)                \setlength{\footskip}{17.4pt}.

[49]
Underfull \hbox (badness 10000) in paragraph at lines 1613--1617

 []


Underfull \hbox (badness 10000) in paragraph at lines 1622--1626

 []


Underfull \hbox (badness 10000) in paragraph at lines 1631--1635

 []


Underfull \hbox (badness 10000) in paragraph at lines 1640--1644

 []


Underfull \hbox (badness 10000) in paragraph at lines 1649--1653

 []


Underfull \hbox (badness 10000) in paragraph at lines 1658--1662

 []


Package fancyhdr Warning: \footskip is too small (14.22636pt): 
(fancyhdr)                Make it at least 17.4pt, for example:
(fancyhdr)                \setlength{\footskip}{17.4pt}.

[50]

Package fancyhdr Warning: \footskip is too small (14.22636pt): 
(fancyhdr)                Make it at least 17.4pt, for example:
(fancyhdr)                \setlength{\footskip}{17.4pt}.

[51]
Underfull \hbox (badness 10000) in paragraph at lines 1672--1676

 []


Underfull \hbox (badness 10000) in paragraph at lines 1681--1685

 []


Underfull \hbox (badness 10000) in paragraph at lines 1690--1694

 []


Underfull \hbox (badness 10000) in paragraph at lines 1699--1703

 []


Underfull \hbox (badness 10000) in paragraph at lines 1708--1712

 []


Underfull \hbox (badness 10000) in paragraph at lines 1717--1721

 []


Package fancyhdr Warning: \footskip is too small (14.22636pt): 
(fancyhdr)                Make it at least 17.4pt, for example:
(fancyhdr)                \setlength{\footskip}{17.4pt}.

[52]
Underfull \hbox (badness 10000) in paragraph at lines 1726--1730

 []


Package fancyhdr Warning: \footskip is too small (14.22636pt): 
(fancyhdr)                Make it at least 17.4pt, for example:
(fancyhdr)                \setlength{\footskip}{17.4pt}.

[53]
Underfull \hbox (badness 10000) in paragraph at lines 1740--1744

 []


Underfull \hbox (badness 10000) in paragraph at lines 1749--1753

 []


Underfull \hbox (badness 10000) in paragraph at lines 1758--1762

 []


Underfull \hbox (badness 10000) in paragraph at lines 1767--1771

 []


Package fancyhdr Warning: \footskip is too small (14.22636pt): 
(fancyhdr)                Make it at least 17.4pt, for example:
(fancyhdr)                \setlength{\footskip}{17.4pt}.

[54]
Underfull \hbox (badness 10000) in paragraph at lines 1781--1803

 []


Package fancyhdr Warning: \footskip is too small (14.22636pt): 
(fancyhdr)                Make it at least 17.4pt, for example:
(fancyhdr)                \setlength{\footskip}{17.4pt}.

[55]
Underfull \hbox (badness 10000) in paragraph at lines 1813--1816

 []


Underfull \hbox (badness 10000) in paragraph at lines 1821--1824

 []


Underfull \hbox (badness 10000) in paragraph at lines 1829--1832

 []


Underfull \hbox (badness 10000) in paragraph at lines 1837--1840

 []


Underfull \hbox (badness 10000) in paragraph at lines 1845--1848

 []


Underfull \hbox (badness 10000) in paragraph at lines 1853--1856

 []


Underfull \hbox (badness 10000) in paragraph at lines 1861--1864

 []


Package fancyhdr Warning: \footskip is too small (14.22636pt): 
(fancyhdr)                Make it at least 17.4pt, for example:
(fancyhdr)                \setlength{\footskip}{17.4pt}.

[56]
Underfull \hbox (badness 10000) in paragraph at lines 1869--1872

 []


Underfull \hbox (badness 10000) in paragraph at lines 1877--1880

 []


Underfull \hbox (badness 10000) in paragraph at lines 1885--1888

 []


Underfull \hbox (badness 10000) in paragraph at lines 1893--1896

 []


Underfull \hbox (badness 10000) in paragraph at lines 1901--1904

 []


Package fancyhdr Warning: \footskip is too small (14.22636pt): 
(fancyhdr)                Make it at least 17.4pt, for example:
(fancyhdr)                \setlength{\footskip}{17.4pt}.

[57]
Underfull \hbox (badness 10000) in paragraph at lines 1915--1919

 []


Underfull \hbox (badness 10000) in paragraph at lines 1924--1928

 []


Underfull \hbox (badness 10000) in paragraph at lines 1933--1937

 []


Underfull \hbox (badness 10000) in paragraph at lines 1942--1946

 []


Underfull \hbox (badness 10000) in paragraph at lines 1951--1955

 []


Underfull \hbox (badness 10000) in paragraph at lines 1960--1964

 []


Package fancyhdr Warning: \footskip is too small (14.22636pt): 
(fancyhdr)                Make it at least 17.4pt, for example:
(fancyhdr)                \setlength{\footskip}{17.4pt}.

[58]
Underfull \hbox (badness 10000) in paragraph at lines 1969--1973

 []


Underfull \hbox (badness 10000) in paragraph at lines 1978--1982

 []


Package fancyhdr Warning: \footskip is too small (14.22636pt): 
(fancyhdr)                Make it at least 17.4pt, for example:
(fancyhdr)                \setlength{\footskip}{17.4pt}.

[59] [60

]
Missing character: There is no ̆ (U+0306) in font PT Serif Bold/OT:script=latn;
language=dflt;!
Missing character: There is no ̆ (U+0306) in font PT Serif Bold/OT:script=latn;
language=dflt;!
Missing character: There is no ̆ (U+0306) in font PT Serif Bold/OT:script=latn;
language=dflt;!

Underfull \hbox (badness 10000) in paragraph at lines 1999--2004

 []

Missing character: There is no ̆ (U+0306) in font PT Serif/OT:script=latn;langu
age=dflt;!
Missing character: There is no ̆ (U+0306) in font PT Serif/OT:script=latn;langu
age=dflt;!
Missing character: There is no ̆ (U+0306) in font PT Serif Bold/OT:script=latn;
language=dflt;!
Missing character: There is no ̆ (U+0306) in font PT Serif Bold/OT:script=latn;
language=dflt;!
Missing character: There is no ̆ (U+0306) in font PT Serif Bold/OT:script=latn;
language=dflt;!

Underfull \hbox (badness 10000) in paragraph at lines 2009--2014

 []

Missing character: There is no ̆ (U+0306) in font PT Serif/OT:script=latn;langu
age=dflt;!
Missing character: There is no ̆ (U+0306) in font PT Serif Bold/OT:script=latn;
language=dflt;!
Missing character: There is no ̆ (U+0306) in font PT Serif Bold/OT:script=latn;
language=dflt;!
Missing character: There is no ̈ (U+0308) in font PT Serif Bold/OT:script=latn;
language=dflt;!

Underfull \hbox (badness 10000) in paragraph at lines 2019--2024

 []

Missing character: There is no ̆ (U+0306) in font PT Serif/OT:script=latn;langu
age=dflt;!
Missing character: There is no ̈ (U+0308) in font PT Serif Bold/OT:script=latn;
language=dflt;!
Missing character: There is no ̆ (U+0306) in font PT Serif Bold/OT:script=latn;
language=dflt;!

Underfull \hbox (badness 10000) in paragraph at lines 2029--2033

 []


Package fancyhdr Warning: \footskip is too small (14.22636pt): 
(fancyhdr)                Make it at least 17.4pt, for example:
(fancyhdr)                \setlength{\footskip}{17.4pt}.

[61]
Underfull \hbox (badness 10000) in paragraph at lines 2043--2047

 []

Missing character: There is no ̆ (U+0306) in font PT Serif/OT:script=latn;langu
age=dflt;!
Missing character: There is no ̆ (U+0306) in font PT Serif/OT:script=latn;langu
age=dflt;!
Missing character: There is no ̆ (U+0306) in font PT Serif/OT:script=latn;langu
age=dflt;!
Missing character: There is no ̆ (U+0306) in font PT Serif/OT:script=latn;langu
age=dflt;!

Underfull \hbox (badness 10000) in paragraph at lines 2052--2056

 []

Missing character: There is no ̆ (U+0306) in font PT Serif/OT:script=latn;langu
age=dflt;!
Missing character: There is no ̆ (U+0306) in font PT Serif/OT:script=latn;langu
age=dflt;!
Missing character: There is no ̆ (U+0306) in font PT Serif/OT:script=latn;langu
age=dflt;!
Missing character: There is no ̆ (U+0306) in font PT Serif/OT:script=latn;langu
age=dflt;!

Underfull \hbox (badness 10000) in paragraph at lines 2061--2065

 []


Underfull \hbox (badness 10000) in paragraph at lines 2070--2074

 []


Package fancyhdr Warning: \footskip is too small (14.22636pt): 
(fancyhdr)                Make it at least 17.4pt, for example:
(fancyhdr)                \setlength{\footskip}{17.4pt}.

[62]
Underfull \hbox (badness 10000) in paragraph at lines 2084--2088

 []


Underfull \hbox (badness 10000) in paragraph at lines 2093--2097

 []


Underfull \hbox (badness 10000) in paragraph at lines 2102--2106

 []


Underfull \hbox (badness 10000) in paragraph at lines 2111--2115

 []

Missing character: There is no ̆ (U+0306) in font PT Serif/OT:script=latn;langu
age=dflt;!
Missing character: There is no ̈ (U+0308) in font PT Serif/OT:script=latn;langu
age=dflt;!

Underfull \hbox (badness 10000) in paragraph at lines 2120--2124

 []

Missing character: There is no ̆ (U+0306) in font PT Serif/OT:script=latn;langu
age=dflt;!

Underfull \hbox (badness 10000) in paragraph at lines 2129--2133

 []


Package fancyhdr Warning: \footskip is too small (14.22636pt): 
(fancyhdr)                Make it at least 17.4pt, for example:
(fancyhdr)                \setlength{\footskip}{17.4pt}.

[63]
Underfull \hbox (badness 10000) in paragraph at lines 2138--2142

 []


Underfull \hbox (badness 10000) in paragraph at lines 2147--2151

 []


Underfull \hbox (badness 10000) in paragraph at lines 2156--2160

 []

Missing character: There is no ̆ (U+0306) in font PT Serif/OT:script=latn;langu
age=dflt;!
Missing character: There is no ̆ (U+0306) in font PT Serif/OT:script=latn;langu
age=dflt;!

Underfull \hbox (badness 10000) in paragraph at lines 2165--2169

 []

Missing character: There is no ̆ (U+0306) in font PT Serif/OT:script=latn;langu
age=dflt;!

Underfull \hbox (badness 10000) in paragraph at lines 2174--2178

 []


Package fancyhdr Warning: \footskip is too small (14.22636pt): 
(fancyhdr)                Make it at least 17.4pt, for example:
(fancyhdr)                \setlength{\footskip}{17.4pt}.

[64]
Missing character: There is no ̈ (U+0308) in font PT Serif/OT:script=latn;langu
age=dflt;!

Underfull \hbox (badness 10000) in paragraph at lines 2191--2198

 []


Underfull \hbox (badness 10000) in paragraph at lines 2203--2208

 []


Underfull \hbox (badness 10000) in paragraph at lines 2213--2220

 []


Underfull \hbox (badness 10000) in paragraph at lines 2225--2230

 []


Underfull \hbox (badness 10000) in paragraph at lines 2235--2242

 []


Package fancyhdr Warning: \footskip is too small (14.22636pt): 
(fancyhdr)                Make it at least 17.4pt, for example:
(fancyhdr)                \setlength{\footskip}{17.4pt}.

[65]
Missing character: There is no ̈ (U+0308) in font PT Serif/OT:script=latn;langu
age=dflt;!
Missing character: There is no ̆ (U+0306) in font PT Serif/OT:script=latn;langu
age=dflt;!
Missing character: There is no ̈ (U+0308) in font PT Serif/OT:script=latn;langu
age=dflt;!
Missing character: There is no ̆ (U+0306) in font PT Serif/OT:script=latn;langu
age=dflt;!

Underfull \hbox (badness 10000) in paragraph at lines 2247--2252

 []

Missing character: There is no ̈ (U+0308) in font PT Serif/OT:script=latn;langu
age=dflt;!
Missing character: There is no ̆ (U+0306) in font PT Serif/OT:script=latn;langu
age=dflt;!

Underfull \hbox (badness 10000) in paragraph at lines 2257--2264

 []

Missing character: There is no ̆ (U+0306) in font PT Serif/OT:script=latn;langu
age=dflt;!
Missing character: There is no ̆ (U+0306) in font PT Serif/OT:script=latn;langu
age=dflt;!

Underfull \hbox (badness 10000) in paragraph at lines 2269--2274

 []

Missing character: There is no ̈ (U+0308) in font PT Serif/OT:script=latn;langu
age=dflt;!

Underfull \hbox (badness 10000) in paragraph at lines 2279--2286

 []


Package fancyhdr Warning: \footskip is too small (14.22636pt): 
(fancyhdr)                Make it at least 17.4pt, for example:
(fancyhdr)                \setlength{\footskip}{17.4pt}.

[66]
Missing character: There is no ̆ (U+0306) in font PT Serif/OT:script=latn;langu
age=dflt;!
Missing character: There is no ̆ (U+0306) in font PT Serif/OT:script=latn;langu
age=dflt;!
Missing character: There is no ̆ (U+0306) in font PT Serif/OT:script=latn;langu
age=dflt;!
Missing character: There is no ̆ (U+0306) in font PT Serif/OT:script=latn;langu
age=dflt;!

Underfull \hbox (badness 10000) in paragraph at lines 2291--2296

 []


Package fancyhdr Warning: \footskip is too small (14.22636pt): 
(fancyhdr)                Make it at least 17.4pt, for example:
(fancyhdr)                \setlength{\footskip}{17.4pt}.

[67]
Missing character: There is no ̆ (U+0306) in font PT Serif/OT:script=latn;langu
age=dflt;!

Underfull \hbox (badness 10000) in paragraph at lines 2306--2310

 []

Missing character: There is no ̆ (U+0306) in font PT Serif/OT:script=latn;langu
age=dflt;!
Missing character: There is no ̆ (U+0306) in font PT Serif/OT:script=latn;langu
age=dflt;!
Missing character: There is no ̆ (U+0306) in font PT Serif/OT:script=latn;langu
age=dflt;!

Underfull \hbox (badness 10000) in paragraph at lines 2315--2319

 []


Underfull \hbox (badness 10000) in paragraph at lines 2324--2328

 []

Missing character: There is no ̆ (U+0306) in font PT Serif/OT:script=latn;langu
age=dflt;!
Missing character: There is no ̆ (U+0306) in font PT Serif/OT:script=latn;langu
age=dflt;!
Missing character: There is no ̆ (U+0306) in font PT Serif/OT:script=latn;langu
age=dflt;!

Underfull \hbox (badness 10000) in paragraph at lines 2333--2337

 []

Missing character: There is no ̆ (U+0306) in font PT Serif/OT:script=latn;langu
age=dflt;!

Underfull \hbox (badness 10000) in paragraph at lines 2342--2346

 []

Missing character: There is no ̆ (U+0306) in font PT Serif/OT:script=latn;langu
age=dflt;!
Missing character: There is no ̆ (U+0306) in font PT Serif/OT:script=latn;langu
age=dflt;!
Missing character: There is no ̆ (U+0306) in font PT Serif/OT:script=latn;langu
age=dflt;!

Underfull \hbox (badness 10000) in paragraph at lines 2351--2355

 []


Package fancyhdr Warning: \footskip is too small (14.22636pt): 
(fancyhdr)                Make it at least 17.4pt, for example:
(fancyhdr)                \setlength{\footskip}{17.4pt}.

[68]
Underfull \hbox (badness 10000) in paragraph at lines 2360--2364

 []

Missing character: There is no ̆ (U+0306) in font PT Serif/OT:script=latn;langu
age=dflt;!
Missing character: There is no ̆ (U+0306) in font PT Serif/OT:script=latn;langu
age=dflt;!
Missing character: There is no ̆ (U+0306) in font PT Serif/OT:script=latn;langu
age=dflt;!

Underfull \hbox (badness 10000) in paragraph at lines 2369--2373

 []


Underfull \hbox (badness 10000) in paragraph at lines 2378--2382

 []

Missing character: There is no ̆ (U+0306) in font PT Serif/OT:script=latn;langu
age=dflt;!
Missing character: There is no ̆ (U+0306) in font PT Serif/OT:script=latn;langu
age=dflt;!
Missing character: There is no ̆ (U+0306) in font PT Serif/OT:script=latn;langu
age=dflt;!

Underfull \hbox (badness 10000) in paragraph at lines 2387--2391

 []

Missing character: There is no ̆ (U+0306) in font PT Serif/OT:script=latn;langu
age=dflt;!

Underfull \hbox (badness 10000) in paragraph at lines 2396--2400

 []

Missing character: There is no ̆ (U+0306) in font PT Serif/OT:script=latn;langu
age=dflt;!
Missing character: There is no ̆ (U+0306) in font PT Serif/OT:script=latn;langu
age=dflt;!
Missing character: There is no ̆ (U+0306) in font PT Serif/OT:script=latn;langu
age=dflt;!

Underfull \hbox (badness 10000) in paragraph at lines 2405--2409

 []


Package fancyhdr Warning: \footskip is too small (14.22636pt): 
(fancyhdr)                Make it at least 17.4pt, for example:
(fancyhdr)                \setlength{\footskip}{17.4pt}.

[69]

Package fancyhdr Warning: \footskip is too small (14.22636pt): 
(fancyhdr)                Make it at least 17.4pt, for example:
(fancyhdr)                \setlength{\footskip}{17.4pt}.

[70]
Underfull \hbox (badness 10000) in paragraph at lines 2422--2430

 []


Underfull \hbox (badness 10000) in paragraph at lines 2435--2439

 []


Underfull \hbox (badness 10000) in paragraph at lines 2444--2452

 []


Underfull \hbox (badness 10000) in paragraph at lines 2457--2461

 []


Package fancyhdr Warning: \footskip is too small (14.22636pt): 
(fancyhdr)                Make it at least 17.4pt, for example:
(fancyhdr)                \setlength{\footskip}{17.4pt}.

[71]
Underfull \hbox (badness 10000) in paragraph at lines 2466--2474

 []


Underfull \hbox (badness 10000) in paragraph at lines 2479--2483

 []


Package fancyhdr Warning: \footskip is too small (14.22636pt): 
(fancyhdr)                Make it at least 17.4pt, for example:
(fancyhdr)                \setlength{\footskip}{17.4pt}.

[72]
Underfull \hbox (badness 10000) in paragraph at lines 2493--2497

 []


Underfull \hbox (badness 10000) in paragraph at lines 2502--2506

 []


Underfull \hbox (badness 10000) in paragraph at lines 2511--2515

 []


Underfull \hbox (badness 10000) in paragraph at lines 2520--2524

 []


Underfull \hbox (badness 10000) in paragraph at lines 2529--2533

 []


Underfull \hbox (badness 10000) in paragraph at lines 2538--2542

 []


Package fancyhdr Warning: \footskip is too small (14.22636pt): 
(fancyhdr)                Make it at least 17.4pt, for example:
(fancyhdr)                \setlength{\footskip}{17.4pt}.

[73]
Underfull \hbox (badness 10000) in paragraph at lines 2547--2551

 []


Package fancyhdr Warning: \footskip is too small (14.22636pt): 
(fancyhdr)                Make it at least 17.4pt, for example:
(fancyhdr)                \setlength{\footskip}{17.4pt}.

[74]
Underfull \hbox (badness 10000) in paragraph at lines 2561--2568

 []


Underfull \hbox (badness 10000) in paragraph at lines 2573--2580

 []


Underfull \hbox (badness 10000) in paragraph at lines 2585--2592

 []


Underfull \hbox (badness 10000) in paragraph at lines 2597--2604

 []


Package fancyhdr Warning: \footskip is too small (14.22636pt): 
(fancyhdr)                Make it at least 17.4pt, for example:
(fancyhdr)                \setlength{\footskip}{17.4pt}.

[75]
Underfull \hbox (badness 10000) in paragraph at lines 2609--2616

 []


Package fancyhdr Warning: \footskip is too small (14.22636pt): 
(fancyhdr)                Make it at least 17.4pt, for example:
(fancyhdr)                \setlength{\footskip}{17.4pt}.

[76]
Underfull \hbox (badness 10000) in paragraph at lines 2626--2630

 []


Underfull \hbox (badness 10000) in paragraph at lines 2635--2639

 []


Underfull \hbox (badness 10000) in paragraph at lines 2644--2648

 []


Underfull \hbox (badness 10000) in paragraph at lines 2653--2657

 []


Underfull \hbox (badness 10000) in paragraph at lines 2662--2666

 []


Underfull \hbox (badness 10000) in paragraph at lines 2671--2675

 []


Package fancyhdr Warning: \footskip is too small (14.22636pt): 
(fancyhdr)                Make it at least 17.4pt, for example:
(fancyhdr)                \setlength{\footskip}{17.4pt}.

[77]
Underfull \hbox (badness 10000) in paragraph at lines 2680--2684

 []


Underfull \hbox (badness 10000) in paragraph at lines 2689--2693

 []


Underfull \hbox (badness 10000) in paragraph at lines 2698--2702

 []


Underfull \hbox (badness 10000) in paragraph at lines 2707--2711

 []


Underfull \hbox (badness 10000) in paragraph at lines 2716--2720

 []


Package fancyhdr Warning: \footskip is too small (14.22636pt): 
(fancyhdr)                Make it at least 17.4pt, for example:
(fancyhdr)                \setlength{\footskip}{17.4pt}.

[78]
Underfull \hbox (badness 10000) in paragraph at lines 2731--2735

 []


Underfull \hbox (badness 10000) in paragraph at lines 2740--2744

 []


Underfull \hbox (badness 10000) in paragraph at lines 2749--2753

 []


Underfull \hbox (badness 10000) in paragraph at lines 2758--2762

 []


Underfull \hbox (badness 10000) in paragraph at lines 2767--2771

 []


Underfull \hbox (badness 10000) in paragraph at lines 2776--2780

 []


Package fancyhdr Warning: \footskip is too small (14.22636pt): 
(fancyhdr)                Make it at least 17.4pt, for example:
(fancyhdr)                \setlength{\footskip}{17.4pt}.

[79]
Underfull \hbox (badness 10000) in paragraph at lines 2785--2789

 []


Underfull \hbox (badness 10000) in paragraph at lines 2794--2798

 []


Package fancyhdr Warning: \footskip is too small (14.22636pt): 
(fancyhdr)                Make it at least 17.4pt, for example:
(fancyhdr)                \setlength{\footskip}{17.4pt}.

[80]
Underfull \hbox (badness 10000) in paragraph at lines 2808--2812

 []


Underfull \hbox (badness 10000) in paragraph at lines 2817--2821

 []


Underfull \hbox (badness 10000) in paragraph at lines 2826--2830

 []


Underfull \hbox (badness 10000) in paragraph at lines 2835--2839

 []


Underfull \hbox (badness 10000) in paragraph at lines 2844--2848

 []


Package fancyhdr Warning: \footskip is too small (14.22636pt): 
(fancyhdr)                Make it at least 17.4pt, for example:
(fancyhdr)                \setlength{\footskip}{17.4pt}.

[81]
Underfull \hbox (badness 10000) in paragraph at lines 2858--2862

 []


Underfull \hbox (badness 10000) in paragraph at lines 2867--2871

 []


Underfull \hbox (badness 10000) in paragraph at lines 2876--2882

 []


Underfull \hbox (badness 10000) in paragraph at lines 2887--2891

 []


Underfull \hbox (badness 10000) in paragraph at lines 2896--2900

 []


Underfull \hbox (badness 10000) in paragraph at lines 2905--2909

 []


Package fancyhdr Warning: \footskip is too small (14.22636pt): 
(fancyhdr)                Make it at least 17.4pt, for example:
(fancyhdr)                \setlength{\footskip}{17.4pt}.

[82]
Underfull \hbox (badness 10000) in paragraph at lines 2914--2920

 []


Underfull \hbox (badness 10000) in paragraph at lines 2925--2928

 []


Underfull \hbox (badness 10000) in paragraph at lines 2933--2937

 []


Package fancyhdr Warning: \footskip is too small (14.22636pt): 
(fancyhdr)                Make it at least 17.4pt, for example:
(fancyhdr)                \setlength{\footskip}{17.4pt}.

[83]
Underfull \hbox (badness 10000) in paragraph at lines 2947--2952

 []


Underfull \hbox (badness 10000) in paragraph at lines 2957--2961

 []


Underfull \hbox (badness 10000) in paragraph at lines 2966--2970

 []


Underfull \hbox (badness 10000) in paragraph at lines 2975--2979

 []


Underfull \hbox (badness 10000) in paragraph at lines 2984--2989

 []


Underfull \hbox (badness 10000) in paragraph at lines 2994--3000

 []


Package fancyhdr Warning: \footskip is too small (14.22636pt): 
(fancyhdr)                Make it at least 17.4pt, for example:
(fancyhdr)                \setlength{\footskip}{17.4pt}.

[84]
Underfull \hbox (badness 10000) in paragraph at lines 3005--3009

 []


Underfull \hbox (badness 10000) in paragraph at lines 3014--3018

 []


Package fancyhdr Warning: \footskip is too small (14.22636pt): 
(fancyhdr)                Make it at least 17.4pt, for example:
(fancyhdr)                \setlength{\footskip}{17.4pt}.

[85]
Overfull \hbox (5.76245pt too wide) in paragraph at lines 3022--3022
[]\TU/PTSerif(1)/b/n/20.74 Вдоль по улице метелица ме-
 []


Underfull \hbox (badness 10000) in paragraph at lines 3029--3031

 []


Underfull \hbox (badness 10000) in paragraph at lines 3036--3038

 []


Underfull \hbox (badness 10000) in paragraph at lines 3043--3045

 []


Underfull \hbox (badness 10000) in paragraph at lines 3050--3052

 []


Underfull \hbox (badness 10000) in paragraph at lines 3057--3059

 []


Underfull \hbox (badness 10000) in paragraph at lines 3064--3066

 []


Underfull \hbox (badness 10000) in paragraph at lines 3071--3073

 []


Package fancyhdr Warning: \footskip is too small (14.22636pt): 
(fancyhdr)                Make it at least 17.4pt, for example:
(fancyhdr)                \setlength{\footskip}{17.4pt}.

[86]
Underfull \hbox (badness 10000) in paragraph at lines 3086--3089

 []


Underfull \hbox (badness 10000) in paragraph at lines 3094--3097

 []


Underfull \hbox (badness 10000) in paragraph at lines 3102--3106

 []


Underfull \hbox (badness 10000) in paragraph at lines 3111--3114

 []


Underfull \hbox (badness 10000) in paragraph at lines 3119--3122

 []


Underfull \hbox (badness 10000) in paragraph at lines 3127--3131

 []


Underfull \hbox (badness 10000) in paragraph at lines 3136--3139

 []


Package fancyhdr Warning: \footskip is too small (14.22636pt): 
(fancyhdr)                Make it at least 17.4pt, for example:
(fancyhdr)                \setlength{\footskip}{17.4pt}.

[87]
Underfull \hbox (badness 10000) in paragraph at lines 3144--3147

 []


Underfull \hbox (badness 10000) in paragraph at lines 3152--3156

 []


Package fancyhdr Warning: \footskip is too small (14.22636pt): 
(fancyhdr)                Make it at least 17.4pt, for example:
(fancyhdr)                \setlength{\footskip}{17.4pt}.

[88]
Underfull \hbox (badness 10000) in paragraph at lines 3166--3170

 []


Underfull \hbox (badness 10000) in paragraph at lines 3175--3179

 []


Underfull \hbox (badness 10000) in paragraph at lines 3184--3188

 []


Underfull \hbox (badness 10000) in paragraph at lines 3193--3197

 []


Underfull \hbox (badness 10000) in paragraph at lines 3202--3206

 []


Package fancyhdr Warning: \footskip is too small (14.22636pt): 
(fancyhdr)                Make it at least 17.4pt, for example:
(fancyhdr)                \setlength{\footskip}{17.4pt}.

[89]
Underfull \hbox (badness 10000) in paragraph at lines 3216--3219

 []


Underfull \hbox (badness 10000) in paragraph at lines 3224--3228

 []


Underfull \hbox (badness 10000) in paragraph at lines 3233--3236

 []


Underfull \hbox (badness 10000) in paragraph at lines 3241--3244

 []


Underfull \hbox (badness 10000) in paragraph at lines 3249--3252

 []


Underfull \hbox (badness 10000) in paragraph at lines 3257--3260

 []


Underfull \hbox (badness 10000) in paragraph at lines 3265--3268

 []


Package fancyhdr Warning: \footskip is too small (14.22636pt): 
(fancyhdr)                Make it at least 17.4pt, for example:
(fancyhdr)                \setlength{\footskip}{17.4pt}.

[90]
Underfull \hbox (badness 10000) in paragraph at lines 3273--3276

 []


Underfull \hbox (badness 10000) in paragraph at lines 3281--3284

 []


Underfull \hbox (badness 10000) in paragraph at lines 3289--3292

 []


Underfull \hbox (badness 10000) in paragraph at lines 3297--3300

 []


Underfull \hbox (badness 10000) in paragraph at lines 3305--3308

 []


Underfull \hbox (badness 10000) in paragraph at lines 3313--3316

 []


Package fancyhdr Warning: \footskip is too small (14.22636pt): 
(fancyhdr)                Make it at least 17.4pt, for example:
(fancyhdr)                \setlength{\footskip}{17.4pt}.

[91]
Underfull \hbox (badness 10000) in paragraph at lines 3326--3329

 []


Underfull \hbox (badness 10000) in paragraph at lines 3334--3337

 []


Underfull \hbox (badness 10000) in paragraph at lines 3342--3345

 []


Underfull \hbox (badness 10000) in paragraph at lines 3350--3353

 []


Underfull \hbox (badness 10000) in paragraph at lines 3358--3361

 []


Underfull \hbox (badness 10000) in paragraph at lines 3366--3369

 []


Underfull \hbox (badness 10000) in paragraph at lines 3374--3377

 []


Package fancyhdr Warning: \footskip is too small (14.22636pt): 
(fancyhdr)                Make it at least 17.4pt, for example:
(fancyhdr)                \setlength{\footskip}{17.4pt}.

[92]
Underfull \hbox (badness 10000) in paragraph at lines 3382--3385

 []


Underfull \hbox (badness 10000) in paragraph at lines 3390--3393

 []


Package fancyhdr Warning: \footskip is too small (14.22636pt): 
(fancyhdr)                Make it at least 17.4pt, for example:
(fancyhdr)                \setlength{\footskip}{17.4pt}.

[93]
Overfull \hbox (9.32976pt too wide) in paragraph at lines 3397--3397
[]\TU/PTSerif(1)/b/n/20.74 Вот кто-то с горочки спустил-
 []


Underfull \hbox (badness 10000) in paragraph at lines 3403--3407

 []


Underfull \hbox (badness 10000) in paragraph at lines 3412--3416

 []


Underfull \hbox (badness 10000) in paragraph at lines 3421--3425

 []


Underfull \hbox (badness 10000) in paragraph at lines 3430--3434

 []


Underfull \hbox (badness 10000) in paragraph at lines 3439--3443

 []


Package fancyhdr Warning: \footskip is too small (14.22636pt): 
(fancyhdr)                Make it at least 17.4pt, for example:
(fancyhdr)                \setlength{\footskip}{17.4pt}.

[94]
Underfull \hbox (badness 10000) in paragraph at lines 3453--3458

 []


Underfull \hbox (badness 10000) in paragraph at lines 3463--3467

 []


Underfull \hbox (badness 10000) in paragraph at lines 3472--3476

 []


Underfull \hbox (badness 10000) in paragraph at lines 3481--3485

 []


Underfull \hbox (badness 10000) in paragraph at lines 3490--3494

 []


Package fancyhdr Warning: \footskip is too small (14.22636pt): 
(fancyhdr)                Make it at least 17.4pt, for example:
(fancyhdr)                \setlength{\footskip}{17.4pt}.

[95]
Underfull \hbox (badness 10000) in paragraph at lines 3507--3511

 []


Underfull \hbox (badness 10000) in paragraph at lines 3516--3520

 []


Underfull \hbox (badness 10000) in paragraph at lines 3525--3529

 []


Underfull \hbox (badness 10000) in paragraph at lines 3534--3538

 []


Underfull \hbox (badness 10000) in paragraph at lines 3543--3547

 []


Underfull \hbox (badness 10000) in paragraph at lines 3552--3556

 []


Package fancyhdr Warning: \footskip is too small (14.22636pt): 
(fancyhdr)                Make it at least 17.4pt, for example:
(fancyhdr)                \setlength{\footskip}{17.4pt}.

[96]

Package fancyhdr Warning: \footskip is too small (14.22636pt): 
(fancyhdr)                Make it at least 17.4pt, for example:
(fancyhdr)                \setlength{\footskip}{17.4pt}.

[97]
Underfull \hbox (badness 10000) in paragraph at lines 3568--3572

 []


Underfull \hbox (badness 10000) in paragraph at lines 3577--3581

 []


Underfull \hbox (badness 10000) in paragraph at lines 3586--3590

 []


Underfull \hbox (badness 10000) in paragraph at lines 3595--3599

 []


Underfull \hbox (badness 10000) in paragraph at lines 3604--3608

 []


Underfull \hbox (badness 10000) in paragraph at lines 3613--3617

 []


Package fancyhdr Warning: \footskip is too small (14.22636pt): 
(fancyhdr)                Make it at least 17.4pt, for example:
(fancyhdr)                \setlength{\footskip}{17.4pt}.

[98]
Underfull \hbox (badness 10000) in paragraph at lines 3622--3626

 []


Package fancyhdr Warning: \footskip is too small (14.22636pt): 
(fancyhdr)                Make it at least 17.4pt, for example:
(fancyhdr)                \setlength{\footskip}{17.4pt}.

[99]
Underfull \hbox (badness 10000) in paragraph at lines 3639--3645

 []


Underfull \hbox (badness 10000) in paragraph at lines 3650--3654

 []


Underfull \hbox (badness 10000) in paragraph at lines 3659--3665

 []


Underfull \hbox (badness 10000) in paragraph at lines 3670--3674

 []


Underfull \hbox (badness 10000) in paragraph at lines 3679--3685

 []


Package fancyhdr Warning: \footskip is too small (14.22636pt): 
(fancyhdr)                Make it at least 17.4pt, for example:
(fancyhdr)                \setlength{\footskip}{17.4pt}.

[100]
Underfull \hbox (badness 10000) in paragraph at lines 3690--3694

 []


Package fancyhdr Warning: \footskip is too small (14.22636pt): 
(fancyhdr)                Make it at least 17.4pt, for example:
(fancyhdr)                \setlength{\footskip}{17.4pt}.

[101]
Underfull \hbox (badness 10000) in paragraph at lines 3706--3714

 []


Underfull \hbox (badness 10000) in paragraph at lines 3719--3727

 []


Underfull \hbox (badness 10000) in paragraph at lines 3732--3740

 []


Underfull \hbox (badness 10000) in paragraph at lines 3745--3749

 []


Package fancyhdr Warning: \footskip is too small (14.22636pt): 
(fancyhdr)                Make it at least 17.4pt, for example:
(fancyhdr)                \setlength{\footskip}{17.4pt}.

[102]

Package fancyhdr Warning: \footskip is too small (14.22636pt): 
(fancyhdr)                Make it at least 17.4pt, for example:
(fancyhdr)                \setlength{\footskip}{17.4pt}.

[103]
Underfull \hbox (badness 10000) in paragraph at lines 3761--3765

 []


Underfull \hbox (badness 10000) in paragraph at lines 3770--3774

 []


Underfull \hbox (badness 10000) in paragraph at lines 3779--3783

 []


Underfull \hbox (badness 10000) in paragraph at lines 3788--3792

 []


Package fancyhdr Warning: \footskip is too small (14.22636pt): 
(fancyhdr)                Make it at least 17.4pt, for example:
(fancyhdr)                \setlength{\footskip}{17.4pt}.

[104]
Underfull \hbox (badness 10000) in paragraph at lines 3803--3807

 []


Underfull \hbox (badness 10000) in paragraph at lines 3812--3816

 []


Underfull \hbox (badness 10000) in paragraph at lines 3821--3825

 []


Underfull \hbox (badness 10000) in paragraph at lines 3830--3834

 []


Underfull \hbox (badness 10000) in paragraph at lines 3839--3843

 []


Underfull \hbox (badness 10000) in paragraph at lines 3848--3852

 []


Package fancyhdr Warning: \footskip is too small (14.22636pt): 
(fancyhdr)                Make it at least 17.4pt, for example:
(fancyhdr)                \setlength{\footskip}{17.4pt}.

[105]
Underfull \hbox (badness 10000) in paragraph at lines 3857--3861

 []


Underfull \hbox (badness 10000) in paragraph at lines 3866--3870

 []


Package fancyhdr Warning: \footskip is too small (14.22636pt): 
(fancyhdr)                Make it at least 17.4pt, for example:
(fancyhdr)                \setlength{\footskip}{17.4pt}.

[106]
Underfull \hbox (badness 10000) in paragraph at lines 3880--3884

 []


Underfull \hbox (badness 10000) in paragraph at lines 3889--3893

 []


Underfull \hbox (badness 10000) in paragraph at lines 3898--3902

 []


Underfull \hbox (badness 10000) in paragraph at lines 3907--3911

 []


Underfull \hbox (badness 10000) in paragraph at lines 3916--3920

 []


Underfull \hbox (badness 10000) in paragraph at lines 3925--3929

 []


Package fancyhdr Warning: \footskip is too small (14.22636pt): 
(fancyhdr)                Make it at least 17.4pt, for example:
(fancyhdr)                \setlength{\footskip}{17.4pt}.

[107]
Underfull \hbox (badness 10000) in paragraph at lines 3934--3938

 []


Package fancyhdr Warning: \footskip is too small (14.22636pt): 
(fancyhdr)                Make it at least 17.4pt, for example:
(fancyhdr)                \setlength{\footskip}{17.4pt}.

[108]
Underfull \hbox (badness 10000) in paragraph at lines 3950--3952

 []


Underfull \hbox (badness 10000) in paragraph at lines 3957--3961

 []


Underfull \hbox (badness 10000) in paragraph at lines 3966--3968

 []


Underfull \hbox (badness 10000) in paragraph at lines 3973--3977

 []


Underfull \hbox (badness 10000) in paragraph at lines 3982--3984

 []


Package fancyhdr Warning: \footskip is too small (14.22636pt): 
(fancyhdr)                Make it at least 17.4pt, for example:
(fancyhdr)                \setlength{\footskip}{17.4pt}.

[109]
Underfull \hbox (badness 10000) in paragraph at lines 3996--4000

 []


Underfull \hbox (badness 10000) in paragraph at lines 4005--4009

 []


Underfull \hbox (badness 10000) in paragraph at lines 4014--4018

 []


Underfull \hbox (badness 10000) in paragraph at lines 4023--4027

 []


Underfull \hbox (badness 10000) in paragraph at lines 4032--4036

 []


Package fancyhdr Warning: \footskip is too small (14.22636pt): 
(fancyhdr)                Make it at least 17.4pt, for example:
(fancyhdr)                \setlength{\footskip}{17.4pt}.

[110]
Underfull \hbox (badness 10000) in paragraph at lines 4046--4050

 []


Underfull \hbox (badness 10000) in paragraph at lines 4055--4059

 []


Underfull \hbox (badness 10000) in paragraph at lines 4064--4068

 []


Underfull \hbox (badness 10000) in paragraph at lines 4073--4077

 []


Underfull \hbox (badness 10000) in paragraph at lines 4082--4086

 []


Underfull \hbox (badness 10000) in paragraph at lines 4091--4095

 []


Package fancyhdr Warning: \footskip is too small (14.22636pt): 
(fancyhdr)                Make it at least 17.4pt, for example:
(fancyhdr)                \setlength{\footskip}{17.4pt}.

[111]
Underfull \hbox (badness 10000) in paragraph at lines 4100--4104

 []


Underfull \hbox (badness 10000) in paragraph at lines 4109--4113

 []


Underfull \hbox (badness 10000) in paragraph at lines 4118--4122

 []


Package fancyhdr Warning: \footskip is too small (14.22636pt): 
(fancyhdr)                Make it at least 17.4pt, for example:
(fancyhdr)                \setlength{\footskip}{17.4pt}.

[112]
Underfull \hbox (badness 10000) in paragraph at lines 4135--4143

 []


Underfull \hbox (badness 10000) in paragraph at lines 4148--4156

 []


Underfull \hbox (badness 10000) in paragraph at lines 4161--4169

 []


Underfull \hbox (badness 10000) in paragraph at lines 4174--4182

 []


Package fancyhdr Warning: \footskip is too small (14.22636pt): 
(fancyhdr)                Make it at least 17.4pt, for example:
(fancyhdr)                \setlength{\footskip}{17.4pt}.

[113]
Underfull \hbox (badness 10000) in paragraph at lines 4187--4195

 []


Underfull \hbox (badness 10000) in paragraph at lines 4200--4208

 []


Package fancyhdr Warning: \footskip is too small (14.22636pt): 
(fancyhdr)                Make it at least 17.4pt, for example:
(fancyhdr)                \setlength{\footskip}{17.4pt}.

[114]
Underfull \hbox (badness 10000) in paragraph at lines 4219--4223

 []


Underfull \hbox (badness 10000) in paragraph at lines 4228--4232

 []


Underfull \hbox (badness 10000) in paragraph at lines 4237--4240

 []


Underfull \hbox (badness 10000) in paragraph at lines 4245--4249

 []


Underfull \hbox (badness 10000) in paragraph at lines 4254--4258

 []


Underfull \hbox (badness 10000) in paragraph at lines 4263--4267

 []


Package fancyhdr Warning: \footskip is too small (14.22636pt): 
(fancyhdr)                Make it at least 17.4pt, for example:
(fancyhdr)                \setlength{\footskip}{17.4pt}.

[115]
Underfull \hbox (badness 10000) in paragraph at lines 4272--4279

 []


Underfull \hbox (badness 10000) in paragraph at lines 4284--4288

 []


Package fancyhdr Warning: \footskip is too small (14.22636pt): 
(fancyhdr)                Make it at least 17.4pt, for example:
(fancyhdr)                \setlength{\footskip}{17.4pt}.

[116]
Missing character: There is no ̈ (U+0308) in font PT Serif/OT:script=latn;langu
age=dflt;!
Missing character: There is no ̆ (U+0306) in font PT Serif/OT:script=latn;langu
age=dflt;!
Missing character: There is no ̆ (U+0306) in font PT Serif/OT:script=latn;langu
age=dflt;!
Missing character: There is no ̈ (U+0308) in font PT Serif/OT:script=latn;langu
age=dflt;!

Underfull \hbox (badness 10000) in paragraph at lines 4301--4305

 []


Underfull \hbox (badness 10000) in paragraph at lines 4310--4314

 []

Missing character: There is no ̆ (U+0306) in font PT Serif Bold/OT:script=latn;
language=dflt;!
Missing character: There is no ̆ (U+0306) in font PT Serif Bold/OT:script=latn;
language=dflt;!

Underfull \hbox (badness 10000) in paragraph at lines 4319--4323

 []

Missing character: There is no ̆ (U+0306) in font PT Serif/OT:script=latn;langu
age=dflt;!

Underfull \hbox (badness 10000) in paragraph at lines 4328--4332

 []

Missing character: There is no ̈ (U+0308) in font PT Serif/OT:script=latn;langu
age=dflt;!

Underfull \hbox (badness 10000) in paragraph at lines 4337--4341

 []

Missing character: There is no ̆ (U+0306) in font PT Serif Bold/OT:script=latn;
language=dflt;!
Missing character: There is no ̆ (U+0306) in font PT Serif Bold/OT:script=latn;
language=dflt;!

Underfull \hbox (badness 10000) in paragraph at lines 4346--4350

 []


Package fancyhdr Warning: \footskip is too small (14.22636pt): 
(fancyhdr)                Make it at least 17.4pt, for example:
(fancyhdr)                \setlength{\footskip}{17.4pt}.

[117]

Package fancyhdr Warning: \footskip is too small (14.22636pt): 
(fancyhdr)                Make it at least 17.4pt, for example:
(fancyhdr)                \setlength{\footskip}{17.4pt}.

[118]
Underfull \hbox (badness 10000) in paragraph at lines 4360--4364

 []


Underfull \hbox (badness 10000) in paragraph at lines 4369--4373

 []


Underfull \hbox (badness 10000) in paragraph at lines 4378--4382

 []


Underfull \hbox (badness 10000) in paragraph at lines 4387--4391

 []


Underfull \hbox (badness 10000) in paragraph at lines 4396--4400

 []


Underfull \hbox (badness 10000) in paragraph at lines 4405--4409

 []


Package fancyhdr Warning: \footskip is too small (14.22636pt): 
(fancyhdr)                Make it at least 17.4pt, for example:
(fancyhdr)                \setlength{\footskip}{17.4pt}.

[119]
Underfull \hbox (badness 10000) in paragraph at lines 4414--4418

 []


Package fancyhdr Warning: \footskip is too small (14.22636pt): 
(fancyhdr)                Make it at least 17.4pt, for example:
(fancyhdr)                \setlength{\footskip}{17.4pt}.

[120]
Underfull \hbox (badness 10000) in paragraph at lines 4431--4435

 []


Underfull \hbox (badness 10000) in paragraph at lines 4440--4444

 []


Underfull \hbox (badness 10000) in paragraph at lines 4449--4453

 []


Underfull \hbox (badness 10000) in paragraph at lines 4458--4462

 []


Underfull \hbox (badness 10000) in paragraph at lines 4467--4471

 []


Underfull \hbox (badness 10000) in paragraph at lines 4476--4480

 []


Package fancyhdr Warning: \footskip is too small (14.22636pt): 
(fancyhdr)                Make it at least 17.4pt, for example:
(fancyhdr)                \setlength{\footskip}{17.4pt}.

[121]

Package fancyhdr Warning: \footskip is too small (14.22636pt): 
(fancyhdr)                Make it at least 17.4pt, for example:
(fancyhdr)                \setlength{\footskip}{17.4pt}.

[122]
Underfull \hbox (badness 10000) in paragraph at lines 4491--4503

 []


Underfull \hbox (badness 10000) in paragraph at lines 4508--4520

 []


Underfull \hbox (badness 10000) in paragraph at lines 4525--4537

 []


Package fancyhdr Warning: \footskip is too small (14.22636pt): 
(fancyhdr)                Make it at least 17.4pt, for example:
(fancyhdr)                \setlength{\footskip}{17.4pt}.

[123]

Package fancyhdr Warning: \footskip is too small (14.22636pt): 
(fancyhdr)                Make it at least 17.4pt, for example:
(fancyhdr)                \setlength{\footskip}{17.4pt}.

[124]
Underfull \hbox (badness 10000) in paragraph at lines 4549--4553

 []


Underfull \hbox (badness 10000) in paragraph at lines 4558--4562

 []


Underfull \hbox (badness 10000) in paragraph at lines 4567--4571

 []


Underfull \hbox (badness 10000) in paragraph at lines 4576--4580

 []


Underfull \hbox (badness 10000) in paragraph at lines 4585--4589

 []


Underfull \hbox (badness 10000) in paragraph at lines 4594--4598

 []


Package fancyhdr Warning: \footskip is too small (14.22636pt): 
(fancyhdr)                Make it at least 17.4pt, for example:
(fancyhdr)                \setlength{\footskip}{17.4pt}.

[125]
Underfull \hbox (badness 10000) in paragraph at lines 4603--4607

 []


Underfull \hbox (badness 10000) in paragraph at lines 4612--4616

 []


Underfull \hbox (badness 10000) in paragraph at lines 4621--4625

 []


Package fancyhdr Warning: \footskip is too small (14.22636pt): 
(fancyhdr)                Make it at least 17.4pt, for example:
(fancyhdr)                \setlength{\footskip}{17.4pt}.

[126]
Underfull \hbox (badness 10000) in paragraph at lines 4635--4639

 []


Underfull \hbox (badness 10000) in paragraph at lines 4644--4648

 []


Underfull \hbox (badness 10000) in paragraph at lines 4653--4657

 []


Underfull \hbox (badness 10000) in paragraph at lines 4662--4666

 []


Underfull \hbox (badness 10000) in paragraph at lines 4671--4675

 []


Underfull \hbox (badness 10000) in paragraph at lines 4680--4684

 []


Package fancyhdr Warning: \footskip is too small (14.22636pt): 
(fancyhdr)                Make it at least 17.4pt, for example:
(fancyhdr)                \setlength{\footskip}{17.4pt}.

[127]
Underfull \hbox (badness 10000) in paragraph at lines 4689--4693

 []


Underfull \hbox (badness 10000) in paragraph at lines 4698--4702

 []


Package fancyhdr Warning: \footskip is too small (14.22636pt): 
(fancyhdr)                Make it at least 17.4pt, for example:
(fancyhdr)                \setlength{\footskip}{17.4pt}.

[128]
Overfull \hbox (9.74452pt too wide) in paragraph at lines 4706--4706
[]\TU/PTSerif(1)/b/n/20.74 Налей, налей, бокалы полней 
 []


Underfull \hbox (badness 10000) in paragraph at lines 4712--4716

 []


Underfull \hbox (badness 10000) in paragraph at lines 4721--4725

 []


Underfull \hbox (badness 10000) in paragraph at lines 4730--4734

 []


Underfull \hbox (badness 10000) in paragraph at lines 4739--4743

 []


Underfull \hbox (badness 10000) in paragraph at lines 4748--4752

 []


Underfull \hbox (badness 10000) in paragraph at lines 4757--4761

 []


Package fancyhdr Warning: \footskip is too small (14.22636pt): 
(fancyhdr)                Make it at least 17.4pt, for example:
(fancyhdr)                \setlength{\footskip}{17.4pt}.

[129]
Underfull \hbox (badness 10000) in paragraph at lines 4766--4770

 []


Underfull \hbox (badness 10000) in paragraph at lines 4775--4779

 []


Underfull \hbox (badness 10000) in paragraph at lines 4784--4788

 []


Package fancyhdr Warning: \footskip is too small (14.22636pt): 
(fancyhdr)                Make it at least 17.4pt, for example:
(fancyhdr)                \setlength{\footskip}{17.4pt}.

[130]
Underfull \hbox (badness 10000) in paragraph at lines 4798--4803

 []


Underfull \hbox (badness 10000) in paragraph at lines 4808--4813

 []


Underfull \hbox (badness 10000) in paragraph at lines 4818--4823

 []


Underfull \hbox (badness 10000) in paragraph at lines 4828--4833

 []


Underfull \hbox (badness 10000) in paragraph at lines 4838--4843

 []


Package fancyhdr Warning: \footskip is too small (14.22636pt): 
(fancyhdr)                Make it at least 17.4pt, for example:
(fancyhdr)                \setlength{\footskip}{17.4pt}.

[131]
Underfull \hbox (badness 10000) in paragraph at lines 4848--4853

 []


Package fancyhdr Warning: \footskip is too small (14.22636pt): 
(fancyhdr)                Make it at least 17.4pt, for example:
(fancyhdr)                \setlength{\footskip}{17.4pt}.

[132]
Underfull \hbox (badness 10000) in paragraph at lines 4863--4867

 []


Underfull \hbox (badness 10000) in paragraph at lines 4872--4876

 []


Underfull \hbox (badness 10000) in paragraph at lines 4881--4885

 []


Underfull \hbox (badness 10000) in paragraph at lines 4890--4894

 []


Underfull \hbox (badness 10000) in paragraph at lines 4899--4903

 []


Underfull \hbox (badness 10000) in paragraph at lines 4908--4912

 []


Package fancyhdr Warning: \footskip is too small (14.22636pt): 
(fancyhdr)                Make it at least 17.4pt, for example:
(fancyhdr)                \setlength{\footskip}{17.4pt}.

[133]

Package fancyhdr Warning: \footskip is too small (14.22636pt): 
(fancyhdr)                Make it at least 17.4pt, for example:
(fancyhdr)                \setlength{\footskip}{17.4pt}.

[134]
Underfull \hbox (badness 10000) in paragraph at lines 4922--4926

 []


Underfull \hbox (badness 10000) in paragraph at lines 4931--4934

 []


Underfull \hbox (badness 10000) in paragraph at lines 4939--4942

 []


Underfull \hbox (badness 10000) in paragraph at lines 4947--4951

 []


Underfull \hbox (badness 10000) in paragraph at lines 4956--4959

 []


Underfull \hbox (badness 10000) in paragraph at lines 4964--4967

 []


Underfull \hbox (badness 10000) in paragraph at lines 4972--4976

 []


Package fancyhdr Warning: \footskip is too small (14.22636pt): 
(fancyhdr)                Make it at least 17.4pt, for example:
(fancyhdr)                \setlength{\footskip}{17.4pt}.

[135]
Underfull \hbox (badness 10000) in paragraph at lines 4981--4984

 []


Underfull \hbox (badness 10000) in paragraph at lines 4989--4992

 []


Package fancyhdr Warning: \footskip is too small (14.22636pt): 
(fancyhdr)                Make it at least 17.4pt, for example:
(fancyhdr)                \setlength{\footskip}{17.4pt}.

[136]
Underfull \hbox (badness 10000) in paragraph at lines 5004--5008

 []


Underfull \hbox (badness 10000) in paragraph at lines 5013--5017

 []


Underfull \hbox (badness 10000) in paragraph at lines 5022--5026

 []


Underfull \hbox (badness 10000) in paragraph at lines 5031--5035

 []


Package fancyhdr Warning: \footskip is too small (14.22636pt): 
(fancyhdr)                Make it at least 17.4pt, for example:
(fancyhdr)                \setlength{\footskip}{17.4pt}.

[137]
Overfull \hbox (17.12794pt too wide) in paragraph at lines 5039--5039
[]\TU/PTSerif(1)/b/n/20.74 Однозвучно гремит колоколь-
 []


Underfull \hbox (badness 10000) in paragraph at lines 5047--5051

 []


Underfull \hbox (badness 10000) in paragraph at lines 5056--5060

 []


Underfull \hbox (badness 10000) in paragraph at lines 5065--5069

 []


Underfull \hbox (badness 10000) in paragraph at lines 5074--5078

 []


Package fancyhdr Warning: \footskip is too small (14.22636pt): 
(fancyhdr)                Make it at least 17.4pt, for example:
(fancyhdr)                \setlength{\footskip}{17.4pt}.

[138]
Underfull \hbox (badness 10000) in paragraph at lines 5091--5095

 []


Underfull \hbox (badness 10000) in paragraph at lines 5100--5104

 []


Underfull \hbox (badness 10000) in paragraph at lines 5109--5113

 []


Underfull \hbox (badness 10000) in paragraph at lines 5118--5122

 []


Underfull \hbox (badness 10000) in paragraph at lines 5127--5131

 []


Underfull \hbox (badness 10000) in paragraph at lines 5136--5140

 []


Package fancyhdr Warning: \footskip is too small (14.22636pt): 
(fancyhdr)                Make it at least 17.4pt, for example:
(fancyhdr)                \setlength{\footskip}{17.4pt}.

[139]
Underfull \hbox (badness 10000) in paragraph at lines 5145--5149

 []


Package fancyhdr Warning: \footskip is too small (14.22636pt): 
(fancyhdr)                Make it at least 17.4pt, for example:
(fancyhdr)                \setlength{\footskip}{17.4pt}.

[140]
Underfull \hbox (badness 10000) in paragraph at lines 5159--5163

 []


Underfull \hbox (badness 10000) in paragraph at lines 5168--5172

 []


Underfull \hbox (badness 10000) in paragraph at lines 5177--5181

 []


Underfull \hbox (badness 10000) in paragraph at lines 5186--5190

 []


Underfull \hbox (badness 10000) in paragraph at lines 5195--5199

 []


Package fancyhdr Warning: \footskip is too small (14.22636pt): 
(fancyhdr)                Make it at least 17.4pt, for example:
(fancyhdr)                \setlength{\footskip}{17.4pt}.

[141]
Underfull \hbox (badness 10000) in paragraph at lines 5209--5213

 []


Underfull \hbox (badness 10000) in paragraph at lines 5218--5222

 []


Underfull \hbox (badness 10000) in paragraph at lines 5227--5231

 []


Underfull \hbox (badness 10000) in paragraph at lines 5236--5240

 []


Underfull \hbox (badness 10000) in paragraph at lines 5245--5249

 []


Package fancyhdr Warning: \footskip is too small (14.22636pt): 
(fancyhdr)                Make it at least 17.4pt, for example:
(fancyhdr)                \setlength{\footskip}{17.4pt}.

[142]
Underfull \hbox (badness 10000) in paragraph at lines 5261--5269

 []


Underfull \hbox (badness 10000) in paragraph at lines 5274--5282

 []


Underfull \hbox (badness 10000) in paragraph at lines 5287--5295

 []


Package fancyhdr Warning: \footskip is too small (14.22636pt): 
(fancyhdr)                Make it at least 17.4pt, for example:
(fancyhdr)                \setlength{\footskip}{17.4pt}.

[143]
Underfull \hbox (badness 10000) in paragraph at lines 5306--5310

 []


Underfull \hbox (badness 10000) in paragraph at lines 5315--5319

 []


Underfull \hbox (badness 10000) in paragraph at lines 5324--5328

 []


Underfull \hbox (badness 10000) in paragraph at lines 5333--5337

 []


Underfull \hbox (badness 10000) in paragraph at lines 5342--5346

 []


Underfull \hbox (badness 10000) in paragraph at lines 5351--5355

 []


Package fancyhdr Warning: \footskip is too small (14.22636pt): 
(fancyhdr)                Make it at least 17.4pt, for example:
(fancyhdr)                \setlength{\footskip}{17.4pt}.

[144]
Underfull \hbox (badness 10000) in paragraph at lines 5360--5364

 []


Underfull \hbox (badness 10000) in paragraph at lines 5369--5373

 []


Package fancyhdr Warning: \footskip is too small (14.22636pt): 
(fancyhdr)                Make it at least 17.4pt, for example:
(fancyhdr)                \setlength{\footskip}{17.4pt}.

[145]
Underfull \hbox (badness 10000) in paragraph at lines 5383--5391

 []


Underfull \hbox (badness 10000) in paragraph at lines 5396--5404

 []


Underfull \hbox (badness 10000) in paragraph at lines 5409--5417

 []


Underfull \hbox (badness 10000) in paragraph at lines 5422--5430

 []


Package fancyhdr Warning: \footskip is too small (14.22636pt): 
(fancyhdr)                Make it at least 17.4pt, for example:
(fancyhdr)                \setlength{\footskip}{17.4pt}.

[146]
Underfull \hbox (badness 10000) in paragraph at lines 5435--5443

 []


Package fancyhdr Warning: \footskip is too small (14.22636pt): 
(fancyhdr)                Make it at least 17.4pt, for example:
(fancyhdr)                \setlength{\footskip}{17.4pt}.

[147]
Overfull \hbox (23.53662pt too wide) in paragraph at lines 5447--5447
[]\TU/PTSerif(1)/b/n/20.74 Под окном черёмуха колышет-
 []


Underfull \hbox (badness 10000) in paragraph at lines 5454--5458

 []


Underfull \hbox (badness 10000) in paragraph at lines 5463--5467

 []


Underfull \hbox (badness 10000) in paragraph at lines 5472--5476

 []


Package fancyhdr Warning: \footskip is too small (14.22636pt): 
(fancyhdr)                Make it at least 17.4pt, for example:
(fancyhdr)                \setlength{\footskip}{17.4pt}.

[148]
Underfull \hbox (badness 10000) in paragraph at lines 5489--5493

 []


Underfull \hbox (badness 10000) in paragraph at lines 5498--5506

 []


Underfull \hbox (badness 10000) in paragraph at lines 5511--5515

 []


Underfull \hbox (badness 10000) in paragraph at lines 5520--5528

 []


Underfull \hbox (badness 10000) in paragraph at lines 5533--5537

 []


Package fancyhdr Warning: \footskip is too small (14.22636pt): 
(fancyhdr)                Make it at least 17.4pt, for example:
(fancyhdr)                \setlength{\footskip}{17.4pt}.

[149]
Underfull \hbox (badness 10000) in paragraph at lines 5542--5550

 []


Package fancyhdr Warning: \footskip is too small (14.22636pt): 
(fancyhdr)                Make it at least 17.4pt, for example:
(fancyhdr)                \setlength{\footskip}{17.4pt}.

[150]
Underfull \hbox (badness 10000) in paragraph at lines 5560--5566

 []


Underfull \hbox (badness 10000) in paragraph at lines 5571--5578

 []


Underfull \hbox (badness 10000) in paragraph at lines 5583--5589

 []


Underfull \hbox (badness 10000) in paragraph at lines 5594--5601

 []


Package fancyhdr Warning: \footskip is too small (14.22636pt): 
(fancyhdr)                Make it at least 17.4pt, for example:
(fancyhdr)                \setlength{\footskip}{17.4pt}.

[151]
Underfull \hbox (badness 10000) in paragraph at lines 5606--5612

 []


Underfull \hbox (badness 10000) in paragraph at lines 5617--5624

 []


Package fancyhdr Warning: \footskip is too small (14.22636pt): 
(fancyhdr)                Make it at least 17.4pt, for example:
(fancyhdr)                \setlength{\footskip}{17.4pt}.

[152]
Underfull \hbox (badness 10000) in paragraph at lines 5634--5638

 []


Underfull \hbox (badness 10000) in paragraph at lines 5643--5647

 []


Underfull \hbox (badness 10000) in paragraph at lines 5652--5656

 []


Underfull \hbox (badness 10000) in paragraph at lines 5661--5665

 []


Underfull \hbox (badness 10000) in paragraph at lines 5670--5674

 []


Underfull \hbox (badness 10000) in paragraph at lines 5679--5683

 []


Package fancyhdr Warning: \footskip is too small (14.22636pt): 
(fancyhdr)                Make it at least 17.4pt, for example:
(fancyhdr)                \setlength{\footskip}{17.4pt}.

[153]
Underfull \hbox (badness 10000) in paragraph at lines 5688--5692

 []


Package fancyhdr Warning: \footskip is too small (14.22636pt): 
(fancyhdr)                Make it at least 17.4pt, for example:
(fancyhdr)                \setlength{\footskip}{17.4pt}.

[154]
Underfull \hbox (badness 10000) in paragraph at lines 5703--5709

 []


Underfull \hbox (badness 10000) in paragraph at lines 5714--5720

 []


Underfull \hbox (badness 10000) in paragraph at lines 5725--5731

 []


Underfull \hbox (badness 10000) in paragraph at lines 5736--5742

 []


Underfull \hbox (badness 10000) in paragraph at lines 5747--5753

 []


Package fancyhdr Warning: \footskip is too small (14.22636pt): 
(fancyhdr)                Make it at least 17.4pt, for example:
(fancyhdr)                \setlength{\footskip}{17.4pt}.

[155]
Underfull \hbox (badness 10000) in paragraph at lines 5758--5764

 []


Underfull \hbox (badness 10000) in paragraph at lines 5769--5775

 []


Underfull \hbox (badness 10000) in paragraph at lines 5780--5786

 []


Underfull \hbox (badness 10000) in paragraph at lines 5791--5797

 []


Package fancyhdr Warning: \footskip is too small (14.22636pt): 
(fancyhdr)                Make it at least 17.4pt, for example:
(fancyhdr)                \setlength{\footskip}{17.4pt}.

[156]
Underfull \hbox (badness 10000) in paragraph at lines 5802--5808

 []


Package fancyhdr Warning: \footskip is too small (14.22636pt): 
(fancyhdr)                Make it at least 17.4pt, for example:
(fancyhdr)                \setlength{\footskip}{17.4pt}.

[157]
Underfull \hbox (badness 10000) in paragraph at lines 5821--5823

 []


Underfull \hbox (badness 10000) in paragraph at lines 5828--5830

 []


Underfull \hbox (badness 10000) in paragraph at lines 5835--5837

 []


Underfull \hbox (badness 10000) in paragraph at lines 5842--5844

 []


Underfull \hbox (badness 10000) in paragraph at lines 5849--5851

 []


Underfull \hbox (badness 10000) in paragraph at lines 5856--5858

 []


Underfull \hbox (badness 10000) in paragraph at lines 5863--5865

 []


Underfull \hbox (badness 10000) in paragraph at lines 5870--5872

 []


Underfull \hbox (badness 10000) in paragraph at lines 5877--5879

 []


Underfull \hbox (badness 10000) in paragraph at lines 5884--5886

 []


Package fancyhdr Warning: \footskip is too small (14.22636pt): 
(fancyhdr)                Make it at least 17.4pt, for example:
(fancyhdr)                \setlength{\footskip}{17.4pt}.

[158]
Underfull \hbox (badness 10000) in paragraph at lines 5891--5893

 []


Underfull \hbox (badness 10000) in paragraph at lines 5898--5900

 []


Underfull \hbox (badness 10000) in paragraph at lines 5905--5907

 []


Underfull \hbox (badness 10000) in paragraph at lines 5912--5914

 []


Underfull \hbox (badness 10000) in paragraph at lines 5919--5921

 []


Underfull \hbox (badness 10000) in paragraph at lines 5926--5928

 []


Underfull \hbox (badness 10000) in paragraph at lines 5933--5935

 []


Package fancyhdr Warning: \footskip is too small (14.22636pt): 
(fancyhdr)                Make it at least 17.4pt, for example:
(fancyhdr)                \setlength{\footskip}{17.4pt}.

[159]
Underfull \hbox (badness 10000) in paragraph at lines 5946--5950

 []


Underfull \hbox (badness 10000) in paragraph at lines 5955--5959

 []


Underfull \hbox (badness 10000) in paragraph at lines 5964--5968

 []


Package fancyhdr Warning: \footskip is too small (14.22636pt): 
(fancyhdr)                Make it at least 17.4pt, for example:
(fancyhdr)                \setlength{\footskip}{17.4pt}.

[160]
Underfull \hbox (badness 10000) in paragraph at lines 5981--5985

 []


Underfull \hbox (badness 10000) in paragraph at lines 5990--5995

 []


Underfull \hbox (badness 10000) in paragraph at lines 6000--6004

 []


Underfull \hbox (badness 10000) in paragraph at lines 6009--6014

 []


Underfull \hbox (badness 10000) in paragraph at lines 6019--6023

 []


Underfull \hbox (badness 10000) in paragraph at lines 6028--6033

 []


Package fancyhdr Warning: \footskip is too small (14.22636pt): 
(fancyhdr)                Make it at least 17.4pt, for example:
(fancyhdr)                \setlength{\footskip}{17.4pt}.

[161]

Package fancyhdr Warning: \footskip is too small (14.22636pt): 
(fancyhdr)                Make it at least 17.4pt, for example:
(fancyhdr)                \setlength{\footskip}{17.4pt}.

[162]
Underfull \hbox (badness 10000) in paragraph at lines 6043--6047

 []


Underfull \hbox (badness 10000) in paragraph at lines 6052--6056

 []


Underfull \hbox (badness 10000) in paragraph at lines 6061--6065

 []


Underfull \hbox (badness 10000) in paragraph at lines 6070--6074

 []


Underfull \hbox (badness 10000) in paragraph at lines 6079--6083

 []


Underfull \hbox (badness 10000) in paragraph at lines 6088--6092

 []


Package fancyhdr Warning: \footskip is too small (14.22636pt): 
(fancyhdr)                Make it at least 17.4pt, for example:
(fancyhdr)                \setlength{\footskip}{17.4pt}.

[163]
Underfull \hbox (badness 10000) in paragraph at lines 6097--6101

 []


Underfull \hbox (badness 10000) in paragraph at lines 6106--6110

 []


Underfull \hbox (badness 10000) in paragraph at lines 6115--6119

 []


Underfull \hbox (badness 10000) in paragraph at lines 6124--6128

 []


Underfull \hbox (badness 10000) in paragraph at lines 6133--6137

 []


Underfull \hbox (badness 10000) in paragraph at lines 6142--6146

 []


Package fancyhdr Warning: \footskip is too small (14.22636pt): 
(fancyhdr)                Make it at least 17.4pt, for example:
(fancyhdr)                \setlength{\footskip}{17.4pt}.

[164]
Underfull \hbox (badness 10000) in paragraph at lines 6151--6155

 []


Underfull \hbox (badness 10000) in paragraph at lines 6160--6164

 []


Package fancyhdr Warning: \footskip is too small (14.22636pt): 
(fancyhdr)                Make it at least 17.4pt, for example:
(fancyhdr)                \setlength{\footskip}{17.4pt}.

[165]
Missing character: There is no ̆ (U+0306) in font PT Serif/OT:script=latn;langu
age=dflt;!

Underfull \hbox (badness 10000) in paragraph at lines 6176--6180

 []


Underfull \hbox (badness 10000) in paragraph at lines 6185--6189

 []

Missing character: There is no ̆ (U+0306) in font PT Serif Bold/OT:script=latn;
language=dflt;!
Missing character: There is no ̈ (U+0308) in font PT Serif Bold/OT:script=latn;
language=dflt;!
Missing character: There is no ̈ (U+0308) in font PT Serif Bold/OT:script=latn;
language=dflt;!
Missing character: There is no ̆ (U+0306) in font PT Serif Bold/OT:script=latn;
language=dflt;!
Missing character: There is no ̆ (U+0306) in font PT Serif Bold/OT:script=latn;
language=dflt;!
Missing character: There is no ̈ (U+0308) in font PT Serif Bold/OT:script=latn;
language=dflt;!
Missing character: There is no ̆ (U+0306) in font PT Serif Bold/OT:script=latn;
language=dflt;!
Missing character: There is no ̈ (U+0308) in font PT Serif Bold/OT:script=latn;
language=dflt;!
Missing character: There is no ̆ (U+0306) in font PT Serif Bold/OT:script=latn;
language=dflt;!
Missing character: There is no ̆ (U+0306) in font PT Serif Bold/OT:script=latn;
language=dflt;!
Missing character: There is no ̈ (U+0308) in font PT Serif Bold/OT:script=latn;
language=dflt;!
Missing character: There is no ̆ (U+0306) in font PT Serif Bold/OT:script=latn;
language=dflt;!
Missing character: There is no ̈ (U+0308) in font PT Serif Bold/OT:script=latn;
language=dflt;!
Missing character: There is no ̆ (U+0306) in font PT Serif Bold/OT:script=latn;
language=dflt;!
Missing character: There is no ̆ (U+0306) in font PT Serif Bold/OT:script=latn;
language=dflt;!
Missing character: There is no ̆ (U+0306) in font PT Serif Bold/OT:script=latn;
language=dflt;!

Underfull \hbox (badness 10000) in paragraph at lines 6194--6201

 []

Missing character: There is no ̆ (U+0306) in font PT Serif/OT:script=latn;langu
age=dflt;!
Missing character: There is no ̆ (U+0306) in font PT Serif/OT:script=latn;langu
age=dflt;!

Underfull \hbox (badness 10000) in paragraph at lines 6206--6210

 []

Missing character: There is no ̆ (U+0306) in font PT Serif/OT:script=latn;langu
age=dflt;!
Missing character: There is no ̈ (U+0308) in font PT Serif/OT:script=latn;langu
age=dflt;!
Missing character: There is no ̆ (U+0306) in font PT Serif/OT:script=latn;langu
age=dflt;!

Underfull \hbox (badness 10000) in paragraph at lines 6215--6219

 []


Package fancyhdr Warning: \footskip is too small (14.22636pt): 
(fancyhdr)                Make it at least 17.4pt, for example:
(fancyhdr)                \setlength{\footskip}{17.4pt}.

[166]
Missing character: There is no ̆ (U+0306) in font PT Serif Bold/OT:script=latn;
language=dflt;!
Missing character: There is no ̈ (U+0308) in font PT Serif Bold/OT:script=latn;
language=dflt;!
Missing character: There is no ̈ (U+0308) in font PT Serif Bold/OT:script=latn;
language=dflt;!
Missing character: There is no ̆ (U+0306) in font PT Serif Bold/OT:script=latn;
language=dflt;!
Missing character: There is no ̆ (U+0306) in font PT Serif Bold/OT:script=latn;
language=dflt;!
Missing character: There is no ̈ (U+0308) in font PT Serif Bold/OT:script=latn;
language=dflt;!
Missing character: There is no ̆ (U+0306) in font PT Serif Bold/OT:script=latn;
language=dflt;!
Missing character: There is no ̈ (U+0308) in font PT Serif Bold/OT:script=latn;
language=dflt;!
Missing character: There is no ̆ (U+0306) in font PT Serif Bold/OT:script=latn;
language=dflt;!
Missing character: There is no ̆ (U+0306) in font PT Serif Bold/OT:script=latn;
language=dflt;!
Missing character: There is no ̈ (U+0308) in font PT Serif Bold/OT:script=latn;
language=dflt;!
Missing character: There is no ̆ (U+0306) in font PT Serif Bold/OT:script=latn;
language=dflt;!
Missing character: There is no ̈ (U+0308) in font PT Serif Bold/OT:script=latn;
language=dflt;!
Missing character: There is no ̆ (U+0306) in font PT Serif Bold/OT:script=latn;
language=dflt;!
Missing character: There is no ̆ (U+0306) in font PT Serif Bold/OT:script=latn;
language=dflt;!
Missing character: There is no ̆ (U+0306) in font PT Serif Bold/OT:script=latn;
language=dflt;!

Underfull \hbox (badness 10000) in paragraph at lines 6224--6231

 []

Missing character: There is no ̆ (U+0306) in font PT Serif/OT:script=latn;langu
age=dflt;!

Underfull \hbox (badness 10000) in paragraph at lines 6236--6240

 []


Underfull \hbox (badness 10000) in paragraph at lines 6245--6249

 []

Missing character: There is no ̆ (U+0306) in font PT Serif Bold/OT:script=latn;
language=dflt;!
Missing character: There is no ̈ (U+0308) in font PT Serif Bold/OT:script=latn;
language=dflt;!
Missing character: There is no ̈ (U+0308) in font PT Serif Bold/OT:script=latn;
language=dflt;!
Missing character: There is no ̆ (U+0306) in font PT Serif Bold/OT:script=latn;
language=dflt;!
Missing character: There is no ̆ (U+0306) in font PT Serif Bold/OT:script=latn;
language=dflt;!
Missing character: There is no ̈ (U+0308) in font PT Serif Bold/OT:script=latn;
language=dflt;!
Missing character: There is no ̆ (U+0306) in font PT Serif Bold/OT:script=latn;
language=dflt;!
Missing character: There is no ̈ (U+0308) in font PT Serif Bold/OT:script=latn;
language=dflt;!
Missing character: There is no ̆ (U+0306) in font PT Serif Bold/OT:script=latn;
language=dflt;!
Missing character: There is no ̆ (U+0306) in font PT Serif Bold/OT:script=latn;
language=dflt;!
Missing character: There is no ̈ (U+0308) in font PT Serif Bold/OT:script=latn;
language=dflt;!
Missing character: There is no ̆ (U+0306) in font PT Serif Bold/OT:script=latn;
language=dflt;!
Missing character: There is no ̈ (U+0308) in font PT Serif Bold/OT:script=latn;
language=dflt;!
Missing character: There is no ̆ (U+0306) in font PT Serif Bold/OT:script=latn;
language=dflt;!
Missing character: There is no ̆ (U+0306) in font PT Serif Bold/OT:script=latn;
language=dflt;!
Missing character: There is no ̆ (U+0306) in font PT Serif Bold/OT:script=latn;
language=dflt;!

Underfull \hbox (badness 10000) in paragraph at lines 6254--6261

 []


Package fancyhdr Warning: \footskip is too small (14.22636pt): 
(fancyhdr)                Make it at least 17.4pt, for example:
(fancyhdr)                \setlength{\footskip}{17.4pt}.

[167]

Package fancyhdr Warning: \footskip is too small (14.22636pt): 
(fancyhdr)                Make it at least 17.4pt, for example:
(fancyhdr)                \setlength{\footskip}{17.4pt}.

[168]
Overfull \hbox (9.70305pt too wide) in paragraph at lines 6265--6265
[]\TU/PTSerif(1)/b/n/20.74 Солдатушки, бравы ребятуш-
 []


Underfull \hbox (badness 10000) in paragraph at lines 6271--6275

 []


Underfull \hbox (badness 10000) in paragraph at lines 6280--6284

 []


Underfull \hbox (badness 10000) in paragraph at lines 6289--6293

 []


Underfull \hbox (badness 10000) in paragraph at lines 6298--6302

 []


Underfull \hbox (badness 10000) in paragraph at lines 6307--6311

 []


Underfull \hbox (badness 10000) in paragraph at lines 6316--6320

 []


Package fancyhdr Warning: \footskip is too small (14.22636pt): 
(fancyhdr)                Make it at least 17.4pt, for example:
(fancyhdr)                \setlength{\footskip}{17.4pt}.

[169]
Underfull \hbox (badness 10000) in paragraph at lines 6325--6329

 []


Package fancyhdr Warning: \footskip is too small (14.22636pt): 
(fancyhdr)                Make it at least 17.4pt, for example:
(fancyhdr)                \setlength{\footskip}{17.4pt}.

[170]
Underfull \hbox (badness 10000) in paragraph at lines 6340--6344

 []


Underfull \hbox (badness 10000) in paragraph at lines 6349--6353

 []


Underfull \hbox (badness 10000) in paragraph at lines 6358--6362

 []


Underfull \hbox (badness 10000) in paragraph at lines 6367--6371

 []


Underfull \hbox (badness 10000) in paragraph at lines 6376--6380

 []


Underfull \hbox (badness 10000) in paragraph at lines 6385--6389

 []


Package fancyhdr Warning: \footskip is too small (14.22636pt): 
(fancyhdr)                Make it at least 17.4pt, for example:
(fancyhdr)                \setlength{\footskip}{17.4pt}.

[171]
Underfull \hbox (badness 10000) in paragraph at lines 6394--6398

 []


Underfull \hbox (badness 10000) in paragraph at lines 6403--6407

 []


Underfull \hbox (badness 10000) in paragraph at lines 6412--6416

 []


Underfull \hbox (badness 10000) in paragraph at lines 6421--6425

 []


Underfull \hbox (badness 10000) in paragraph at lines 6430--6434

 []


Underfull \hbox (badness 10000) in paragraph at lines 6439--6443

 []


Package fancyhdr Warning: \footskip is too small (14.22636pt): 
(fancyhdr)                Make it at least 17.4pt, for example:
(fancyhdr)                \setlength{\footskip}{17.4pt}.

[172]

Package fancyhdr Warning: \footskip is too small (14.22636pt): 
(fancyhdr)                Make it at least 17.4pt, for example:
(fancyhdr)                \setlength{\footskip}{17.4pt}.

[173]
Underfull \hbox (badness 10000) in paragraph at lines 6454--6458

 []


Underfull \hbox (badness 10000) in paragraph at lines 6463--6467

 []


Underfull \hbox (badness 10000) in paragraph at lines 6472--6476

 []


Underfull \hbox (badness 10000) in paragraph at lines 6481--6485

 []


Underfull \hbox (badness 10000) in paragraph at lines 6490--6494

 []


Underfull \hbox (badness 10000) in paragraph at lines 6499--6503

 []


Package fancyhdr Warning: \footskip is too small (14.22636pt): 
(fancyhdr)                Make it at least 17.4pt, for example:
(fancyhdr)                \setlength{\footskip}{17.4pt}.

[174]
Underfull \hbox (badness 10000) in paragraph at lines 6508--6512

 []


Package fancyhdr Warning: \footskip is too small (14.22636pt): 
(fancyhdr)                Make it at least 17.4pt, for example:
(fancyhdr)                \setlength{\footskip}{17.4pt}.

[175]
Underfull \hbox (badness 10000) in paragraph at lines 6525--6529

 []


Underfull \hbox (badness 10000) in paragraph at lines 6534--6536

 []


Underfull \hbox (badness 10000) in paragraph at lines 6541--6545

 []


Underfull \hbox (badness 10000) in paragraph at lines 6550--6552

 []


Underfull \hbox (badness 10000) in paragraph at lines 6557--6561

 []


Underfull \hbox (badness 10000) in paragraph at lines 6566--6568

 []


Package fancyhdr Warning: \footskip is too small (14.22636pt): 
(fancyhdr)                Make it at least 17.4pt, for example:
(fancyhdr)                \setlength{\footskip}{17.4pt}.

[176]
Underfull \hbox (badness 10000) in paragraph at lines 6580--6584

 []


Underfull \hbox (badness 10000) in paragraph at lines 6589--6593

 []


Underfull \hbox (badness 10000) in paragraph at lines 6598--6602

 []


Underfull \hbox (badness 10000) in paragraph at lines 6607--6611

 []


Package fancyhdr Warning: \footskip is too small (14.22636pt): 
(fancyhdr)                Make it at least 17.4pt, for example:
(fancyhdr)                \setlength{\footskip}{17.4pt}.

[177]
Underfull \hbox (badness 10000) in paragraph at lines 6622--6626

 []


Underfull \hbox (badness 10000) in paragraph at lines 6631--6635

 []


Underfull \hbox (badness 10000) in paragraph at lines 6640--6644

 []


Underfull \hbox (badness 10000) in paragraph at lines 6649--6653

 []


Underfull \hbox (badness 10000) in paragraph at lines 6658--6662

 []


Underfull \hbox (badness 10000) in paragraph at lines 6667--6671

 []


Package fancyhdr Warning: \footskip is too small (14.22636pt): 
(fancyhdr)                Make it at least 17.4pt, for example:
(fancyhdr)                \setlength{\footskip}{17.4pt}.

[178]

Package fancyhdr Warning: \footskip is too small (14.22636pt): 
(fancyhdr)                Make it at least 17.4pt, for example:
(fancyhdr)                \setlength{\footskip}{17.4pt}.

[179]
Underfull \hbox (badness 10000) in paragraph at lines 6681--6685

 []


Underfull \hbox (badness 10000) in paragraph at lines 6690--6694

 []


Underfull \hbox (badness 10000) in paragraph at lines 6699--6703

 []


Underfull \hbox (badness 10000) in paragraph at lines 6708--6712

 []


Underfull \hbox (badness 10000) in paragraph at lines 6717--6721

 []


Underfull \hbox (badness 10000) in paragraph at lines 6726--6730

 []


Package fancyhdr Warning: \footskip is too small (14.22636pt): 
(fancyhdr)                Make it at least 17.4pt, for example:
(fancyhdr)                \setlength{\footskip}{17.4pt}.

[180]

Package fancyhdr Warning: \footskip is too small (14.22636pt): 
(fancyhdr)                Make it at least 17.4pt, for example:
(fancyhdr)                \setlength{\footskip}{17.4pt}.

[181]
Underfull \hbox (badness 10000) in paragraph at lines 6742--6746

 []


Underfull \hbox (badness 10000) in paragraph at lines 6751--6753

 []


Underfull \hbox (badness 10000) in paragraph at lines 6758--6762

 []


Underfull \hbox (badness 10000) in paragraph at lines 6767--6769

 []


Underfull \hbox (badness 10000) in paragraph at lines 6774--6778

 []


Underfull \hbox (badness 10000) in paragraph at lines 6783--6785

 []


Package fancyhdr Warning: \footskip is too small (14.22636pt): 
(fancyhdr)                Make it at least 17.4pt, for example:
(fancyhdr)                \setlength{\footskip}{17.4pt}.

[182]
Underfull \hbox (badness 10000) in paragraph at lines 6798--6802

 []


Underfull \hbox (badness 10000) in paragraph at lines 6807--6811

 []


Underfull \hbox (badness 10000) in paragraph at lines 6816--6820

 []


Underfull \hbox (badness 10000) in paragraph at lines 6825--6829

 []


Underfull \hbox (badness 10000) in paragraph at lines 6834--6838

 []


Underfull \hbox (badness 10000) in paragraph at lines 6843--6847

 []


Package fancyhdr Warning: \footskip is too small (14.22636pt): 
(fancyhdr)                Make it at least 17.4pt, for example:
(fancyhdr)                \setlength{\footskip}{17.4pt}.

[183]

Package fancyhdr Warning: \footskip is too small (14.22636pt): 
(fancyhdr)                Make it at least 17.4pt, for example:
(fancyhdr)                \setlength{\footskip}{17.4pt}.

[184]
Underfull \hbox (badness 10000) in paragraph at lines 6860--6864

 []


Underfull \hbox (badness 10000) in paragraph at lines 6869--6873

 []


Underfull \hbox (badness 10000) in paragraph at lines 6878--6882

 []


Underfull \hbox (badness 10000) in paragraph at lines 6887--6891

 []


Underfull \hbox (badness 10000) in paragraph at lines 6896--6900

 []


Underfull \hbox (badness 10000) in paragraph at lines 6905--6909

 []


Package fancyhdr Warning: \footskip is too small (14.22636pt): 
(fancyhdr)                Make it at least 17.4pt, for example:
(fancyhdr)                \setlength{\footskip}{17.4pt}.

[185]
Underfull \hbox (badness 10000) in paragraph at lines 6914--6918

 []


Underfull \hbox (badness 10000) in paragraph at lines 6923--6927

 []


Underfull \hbox (badness 10000) in paragraph at lines 6932--6936

 []


Package fancyhdr Warning: \footskip is too small (14.22636pt): 
(fancyhdr)                Make it at least 17.4pt, for example:
(fancyhdr)                \setlength{\footskip}{17.4pt}.

[186]
Underfull \hbox (badness 10000) in paragraph at lines 6946--6950

 []


Underfull \hbox (badness 10000) in paragraph at lines 6955--6959

 []


Underfull \hbox (badness 10000) in paragraph at lines 6964--6968

 []


Underfull \hbox (badness 10000) in paragraph at lines 6973--6977

 []


Underfull \hbox (badness 10000) in paragraph at lines 6982--6986

 []


Underfull \hbox (badness 10000) in paragraph at lines 6991--6995

 []


Package fancyhdr Warning: \footskip is too small (14.22636pt): 
(fancyhdr)                Make it at least 17.4pt, for example:
(fancyhdr)                \setlength{\footskip}{17.4pt}.

[187]

Package fancyhdr Warning: \footskip is too small (14.22636pt): 
(fancyhdr)                Make it at least 17.4pt, for example:
(fancyhdr)                \setlength{\footskip}{17.4pt}.

[188]
Underfull \hbox (badness 10000) in paragraph at lines 7005--7014

 []


Underfull \hbox (badness 10000) in paragraph at lines 7019--7028

 []


Underfull \hbox (badness 10000) in paragraph at lines 7033--7042

 []


Package fancyhdr Warning: \footskip is too small (14.22636pt): 
(fancyhdr)                Make it at least 17.4pt, for example:
(fancyhdr)                \setlength{\footskip}{17.4pt}.

[189]
Underfull \hbox (badness 10000) in paragraph at lines 7047--7050

 []


Package fancyhdr Warning: \footskip is too small (14.22636pt): 
(fancyhdr)                Make it at least 17.4pt, for example:
(fancyhdr)                \setlength{\footskip}{17.4pt}.

[190]
Underfull \hbox (badness 10000) in paragraph at lines 7063--7071

 []


Underfull \hbox (badness 10000) in paragraph at lines 7076--7084

 []


Underfull \hbox (badness 10000) in paragraph at lines 7089--7097

 []


Underfull \hbox (badness 10000) in paragraph at lines 7102--7110

 []


Package fancyhdr Warning: \footskip is too small (14.22636pt): 
(fancyhdr)                Make it at least 17.4pt, for example:
(fancyhdr)                \setlength{\footskip}{17.4pt}.

[191]
Underfull \hbox (badness 10000) in paragraph at lines 7115--7119

 []


Underfull \hbox (badness 10000) in paragraph at lines 7124--7132

 []


Package fancyhdr Warning: \footskip is too small (14.22636pt): 
(fancyhdr)                Make it at least 17.4pt, for example:
(fancyhdr)                \setlength{\footskip}{17.4pt}.

[192]
Underfull \hbox (badness 10000) in paragraph at lines 7145--7149

 []


Underfull \hbox (badness 10000) in paragraph at lines 7154--7158

 []


Underfull \hbox (badness 10000) in paragraph at lines 7163--7167

 []


Underfull \hbox (badness 10000) in paragraph at lines 7172--7176

 []


Underfull \hbox (badness 10000) in paragraph at lines 7181--7185

 []


Underfull \hbox (badness 10000) in paragraph at lines 7190--7194

 []


Package fancyhdr Warning: \footskip is too small (14.22636pt): 
(fancyhdr)                Make it at least 17.4pt, for example:
(fancyhdr)                \setlength{\footskip}{17.4pt}.

[193]
Underfull \hbox (badness 10000) in paragraph at lines 7199--7203

 []


Underfull \hbox (badness 10000) in paragraph at lines 7208--7212

 []


Underfull \hbox (badness 10000) in paragraph at lines 7217--7221

 []


Underfull \hbox (badness 10000) in paragraph at lines 7226--7230

 []


Underfull \hbox (badness 10000) in paragraph at lines 7235--7239

 []


Underfull \hbox (badness 10000) in paragraph at lines 7244--7248

 []


Package fancyhdr Warning: \footskip is too small (14.22636pt): 
(fancyhdr)                Make it at least 17.4pt, for example:
(fancyhdr)                \setlength{\footskip}{17.4pt}.

[194]

Package fancyhdr Warning: \footskip is too small (14.22636pt): 
(fancyhdr)                Make it at least 17.4pt, for example:
(fancyhdr)                \setlength{\footskip}{17.4pt}.

[195] [196

]
Underfull \hbox (badness 10000) in paragraph at lines 7268--7272

 []


Underfull \hbox (badness 10000) in paragraph at lines 7277--7281

 []


Underfull \hbox (badness 10000) in paragraph at lines 7286--7290

 []


Underfull \hbox (badness 10000) in paragraph at lines 7295--7299

 []


Underfull \hbox (badness 10000) in paragraph at lines 7304--7308

 []


Underfull \hbox (badness 10000) in paragraph at lines 7313--7317

 []


Package fancyhdr Warning: \footskip is too small (14.22636pt): 
(fancyhdr)                Make it at least 17.4pt, for example:
(fancyhdr)                \setlength{\footskip}{17.4pt}.

[197]
Underfull \hbox (badness 10000) in paragraph at lines 7322--7326

 []


Underfull \hbox (badness 10000) in paragraph at lines 7331--7335

 []


Underfull \hbox (badness 10000) in paragraph at lines 7340--7344

 []


Package fancyhdr Warning: \footskip is too small (14.22636pt): 
(fancyhdr)                Make it at least 17.4pt, for example:
(fancyhdr)                \setlength{\footskip}{17.4pt}.

[198]
Missing character: There is no ̆ (U+0306) in font PT Serif/OT:script=latn;langu
age=dflt;!
Missing character: There is no ̆ (U+0306) in font PT Serif/OT:script=latn;langu
age=dflt;!
Missing character: There is no ̆ (U+0306) in font PT Serif/OT:script=latn;langu
age=dflt;!

Underfull \hbox (badness 10000) in paragraph at lines 7357--7360

 []

Missing character: There is no ̆ (U+0306) in font PT Serif/OT:script=latn;langu
age=dflt;!
Missing character: There is no ̆ (U+0306) in font PT Serif/OT:script=latn;langu
age=dflt;!

Underfull \hbox (badness 10000) in paragraph at lines 7365--7368

 []


Package fancyhdr Warning: \footskip is too small (14.22636pt): 
(fancyhdr)                Make it at least 17.4pt, for example:
(fancyhdr)                \setlength{\footskip}{17.4pt}.

[199]
Underfull \hbox (badness 10000) in paragraph at lines 7379--7386

 []


Underfull \hbox (badness 10000) in paragraph at lines 7391--7398

 []


Underfull \hbox (badness 10000) in paragraph at lines 7403--7410

 []


Underfull \hbox (badness 10000) in paragraph at lines 7415--7422

 []


Package fancyhdr Warning: \footskip is too small (14.22636pt): 
(fancyhdr)                Make it at least 17.4pt, for example:
(fancyhdr)                \setlength{\footskip}{17.4pt}.

[200]
Underfull \hbox (badness 10000) in paragraph at lines 7427--7434

 []


Package fancyhdr Warning: \footskip is too small (14.22636pt): 
(fancyhdr)                Make it at least 17.4pt, for example:
(fancyhdr)                \setlength{\footskip}{17.4pt}.

[201]
Underfull \hbox (badness 10000) in paragraph at lines 7446--7450

 []


Underfull \hbox (badness 10000) in paragraph at lines 7455--7459

 []


Underfull \hbox (badness 10000) in paragraph at lines 7464--7468

 []


Underfull \hbox (badness 10000) in paragraph at lines 7473--7477

 []


Package fancyhdr Warning: \footskip is too small (14.22636pt): 
(fancyhdr)                Make it at least 17.4pt, for example:
(fancyhdr)                \setlength{\footskip}{17.4pt}.

[202]
Underfull \hbox (badness 10000) in paragraph at lines 7489--7497

 []


Underfull \hbox (badness 10000) in paragraph at lines 7502--7510

 []


Underfull \hbox (badness 10000) in paragraph at lines 7515--7523

 []


Underfull \hbox (badness 10000) in paragraph at lines 7528--7536

 []


Package fancyhdr Warning: \footskip is too small (14.22636pt): 
(fancyhdr)                Make it at least 17.4pt, for example:
(fancyhdr)                \setlength{\footskip}{17.4pt}.

[203]
Underfull \hbox (badness 10000) in paragraph at lines 7541--7549

 []


Underfull \hbox (badness 10000) in paragraph at lines 7554--7562

 []


Package fancyhdr Warning: \footskip is too small (14.22636pt): 
(fancyhdr)                Make it at least 17.4pt, for example:
(fancyhdr)                \setlength{\footskip}{17.4pt}.

[204]
Underfull \hbox (badness 10000) in paragraph at lines 7574--7578

 []


Underfull \hbox (badness 10000) in paragraph at lines 7583--7588

 []


Underfull \hbox (badness 10000) in paragraph at lines 7593--7597

 []


Underfull \hbox (badness 10000) in paragraph at lines 7602--7607

 []


Underfull \hbox (badness 10000) in paragraph at lines 7612--7616

 []


Underfull \hbox (badness 10000) in paragraph at lines 7621--7626

 []


Package fancyhdr Warning: \footskip is too small (14.22636pt): 
(fancyhdr)                Make it at least 17.4pt, for example:
(fancyhdr)                \setlength{\footskip}{17.4pt}.

[205]

Package fancyhdr Warning: \footskip is too small (14.22636pt): 
(fancyhdr)                Make it at least 17.4pt, for example:
(fancyhdr)                \setlength{\footskip}{17.4pt}.

[206]
Underfull \hbox (badness 10000) in paragraph at lines 7636--7640

 []


Underfull \hbox (badness 10000) in paragraph at lines 7645--7649

 []


Underfull \hbox (badness 10000) in paragraph at lines 7654--7658

 []


Underfull \hbox (badness 10000) in paragraph at lines 7663--7667

 []


Underfull \hbox (badness 10000) in paragraph at lines 7672--7676

 []


Underfull \hbox (badness 10000) in paragraph at lines 7681--7685

 []


Package fancyhdr Warning: \footskip is too small (14.22636pt): 
(fancyhdr)                Make it at least 17.4pt, for example:
(fancyhdr)                \setlength{\footskip}{17.4pt}.

[207]
Underfull \hbox (badness 10000) in paragraph at lines 7690--7694

 []


Underfull \hbox (badness 10000) in paragraph at lines 7699--7703

 []


Underfull \hbox (badness 10000) in paragraph at lines 7708--7712

 []


Package fancyhdr Warning: \footskip is too small (14.22636pt): 
(fancyhdr)                Make it at least 17.4pt, for example:
(fancyhdr)                \setlength{\footskip}{17.4pt}.

[208]
Overfull \hbox (4.14473pt too wide) in paragraph at lines 7716--7716
[]\TU/PTSerif(1)/b/n/20.74 Встань за Веру, Русская зем-
 []


Underfull \hbox (badness 10000) in paragraph at lines 7724--7728

 []


Underfull \hbox (badness 10000) in paragraph at lines 7733--7737

 []


Underfull \hbox (badness 10000) in paragraph at lines 7742--7746

 []


Underfull \hbox (badness 10000) in paragraph at lines 7751--7755

 []


Underfull \hbox (badness 10000) in paragraph at lines 7760--7764

 []


Underfull \hbox (badness 10000) in paragraph at lines 7769--7773

 []


Package fancyhdr Warning: \footskip is too small (14.22636pt): 
(fancyhdr)                Make it at least 17.4pt, for example:
(fancyhdr)                \setlength{\footskip}{17.4pt}.

[209]
Underfull \hbox (badness 10000) in paragraph at lines 7778--7782

 []


Underfull \hbox (badness 10000) in paragraph at lines 7787--7791

 []


Underfull \hbox (badness 10000) in paragraph at lines 7796--7800

 []


Package fancyhdr Warning: \footskip is too small (14.22636pt): 
(fancyhdr)                Make it at least 17.4pt, for example:
(fancyhdr)                \setlength{\footskip}{17.4pt}.

[210]
Overfull \hbox (16.5887pt too wide) in paragraph at lines 7804--7804
[]\TU/PTSerif(1)/b/n/20.74 Гимн Российской Федерации 
 []


Underfull \hbox (badness 10000) in paragraph at lines 7813--7817

 []


Underfull \hbox (badness 10000) in paragraph at lines 7822--7826

 []


Underfull \hbox (badness 10000) in paragraph at lines 7831--7835

 []


Underfull \hbox (badness 10000) in paragraph at lines 7840--7844

 []


Underfull \hbox (badness 10000) in paragraph at lines 7849--7853

 []


Underfull \hbox (badness 10000) in paragraph at lines 7858--7862

 []


Package fancyhdr Warning: \footskip is too small (14.22636pt): 
(fancyhdr)                Make it at least 17.4pt, for example:
(fancyhdr)                \setlength{\footskip}{17.4pt}.

[211]

Package fancyhdr Warning: \footskip is too small (14.22636pt): 
(fancyhdr)                Make it at least 17.4pt, for example:
(fancyhdr)                \setlength{\footskip}{17.4pt}.

[212]
Underfull \hbox (badness 10000) in paragraph at lines 7874--7878

 []


Underfull \hbox (badness 10000) in paragraph at lines 7883--7887

 []


Underfull \hbox (badness 10000) in paragraph at lines 7892--7896

 []


Underfull \hbox (badness 10000) in paragraph at lines 7901--7905

 []


Underfull \hbox (badness 10000) in paragraph at lines 7910--7914

 []


Underfull \hbox (badness 10000) in paragraph at lines 7919--7923

 []


Package fancyhdr Warning: \footskip is too small (14.22636pt): 
(fancyhdr)                Make it at least 17.4pt, for example:
(fancyhdr)                \setlength{\footskip}{17.4pt}.

[213]

Package fancyhdr Warning: \footskip is too small (14.22636pt): 
(fancyhdr)                Make it at least 17.4pt, for example:
(fancyhdr)                \setlength{\footskip}{17.4pt}.

[214]
Underfull \hbox (badness 10000) in paragraph at lines 7936--7940

 []


Underfull \hbox (badness 10000) in paragraph at lines 7945--7949

 []


Underfull \hbox (badness 10000) in paragraph at lines 7954--7958

 []


Underfull \hbox (badness 10000) in paragraph at lines 7963--7967

 []


Underfull \hbox (badness 10000) in paragraph at lines 7972--7976

 []


Package fancyhdr Warning: \footskip is too small (14.22636pt): 
(fancyhdr)                Make it at least 17.4pt, for example:
(fancyhdr)                \setlength{\footskip}{17.4pt}.

[215]
Overfull \hbox (15.59323pt too wide) in paragraph at lines 7980--7980
[]\TU/PTSerif(1)/b/n/20.74 Как здорово что все мы здесь 
 []

Missing character: There is no ̆ (U+0306) in font PT Serif/OT:script=latn;langu
age=dflt;!
Missing character: There is no ̆ (U+0306) in font PT Serif Bold/OT:script=latn;
language=dflt;!
Missing character: There is no ̆ (U+0306) in font PT Serif Bold/OT:script=latn;
language=dflt;!

Underfull \hbox (badness 10000) in paragraph at lines 7989--7998

 []

Missing character: There is no ̈ (U+0308) in font PT Serif/OT:script=latn;langu
age=dflt;!
Missing character: There is no ̆ (U+0306) in font PT Serif Bold/OT:script=latn;
language=dflt;!

Underfull \hbox (badness 10000) in paragraph at lines 8003--8012

 []

Missing character: There is no ̈ (U+0308) in font PT Serif/OT:script=latn;langu
age=dflt;!
Missing character: There is no ̆ (U+0306) in font PT Serif Bold/OT:script=latn;
language=dflt;!

Underfull \hbox (badness 10000) in paragraph at lines 8017--8026

 []


Package fancyhdr Warning: \footskip is too small (14.22636pt): 
(fancyhdr)                Make it at least 17.4pt, for example:
(fancyhdr)                \setlength{\footskip}{17.4pt}.

[216]
Missing character: There is no ̆ (U+0306) in font PT Serif/OT:script=latn;langu
age=dflt;!
Missing character: There is no ̆ (U+0306) in font PT Serif Bold/OT:script=latn;
language=dflt;!
Missing character: There is no ̆ (U+0306) in font PT Serif Bold/OT:script=latn;
language=dflt;!

Underfull \hbox (badness 10000) in paragraph at lines 8031--8040

 []


Package fancyhdr Warning: \footskip is too small (14.22636pt): 
(fancyhdr)                Make it at least 17.4pt, for example:
(fancyhdr)                \setlength{\footskip}{17.4pt}.

[217]
Underfull \hbox (badness 10000) in paragraph at lines 8053--8057

 []


Underfull \hbox (badness 10000) in paragraph at lines 8062--8070

 []


Underfull \hbox (badness 10000) in paragraph at lines 8075--8079

 []


Underfull \hbox (badness 10000) in paragraph at lines 8084--8092

 []


Underfull \hbox (badness 10000) in paragraph at lines 8097--8101

 []


Package fancyhdr Warning: \footskip is too small (14.22636pt): 
(fancyhdr)                Make it at least 17.4pt, for example:
(fancyhdr)                \setlength{\footskip}{17.4pt}.

[218]
Underfull \hbox (badness 10000) in paragraph at lines 8106--8114

 []


Underfull \hbox (badness 10000) in paragraph at lines 8119--8123

 []


Underfull \hbox (badness 10000) in paragraph at lines 8128--8136

 []


Underfull \hbox (badness 10000) in paragraph at lines 8141--8145

 []


Package fancyhdr Warning: \footskip is too small (14.22636pt): 
(fancyhdr)                Make it at least 17.4pt, for example:
(fancyhdr)                \setlength{\footskip}{17.4pt}.

[219]
Underfull \hbox (badness 10000) in paragraph at lines 8150--8158

 []


Package fancyhdr Warning: \footskip is too small (14.22636pt): 
(fancyhdr)                Make it at least 17.4pt, for example:
(fancyhdr)                \setlength{\footskip}{17.4pt}.

[220]
Missing character: There is no ̆ (U+0306) in font PT Serif/OT:script=latn;langu
age=dflt;!
Missing character: There is no ̆ (U+0306) in font PT Serif/OT:script=latn;langu
age=dflt;!
Missing character: There is no ̆ (U+0306) in font PT Serif/OT:script=latn;langu
age=dflt;!
Missing character: There is no ̈ (U+0308) in font PT Serif/OT:script=latn;langu
age=dflt;!
Missing character: There is no ̆ (U+0306) in font PT Serif/OT:script=latn;langu
age=dflt;!
Missing character: There is no ̆ (U+0306) in font PT Serif/OT:script=latn;langu
age=dflt;!

Underfull \hbox (badness 10000) in paragraph at lines 8171--8175

 []

Missing character: There is no ̆ (U+0306) in font PT Serif/OT:script=latn;langu
age=dflt;!
Missing character: There is no ̆ (U+0306) in font PT Serif/OT:script=latn;langu
age=dflt;!
Missing character: There is no ̆ (U+0306) in font PT Serif/OT:script=latn;langu
age=dflt;!

Underfull \hbox (badness 10000) in paragraph at lines 8180--8184

 []

Missing character: There is no ̈ (U+0308) in font PT Serif/OT:script=latn;langu
age=dflt;!
Missing character: There is no ̈ (U+0308) in font PT Serif/OT:script=latn;langu
age=dflt;!
Missing character: There is no ̈ (U+0308) in font PT Serif/OT:script=latn;langu
age=dflt;!

Underfull \hbox (badness 10000) in paragraph at lines 8189--8193

 []

Missing character: There is no ̈ (U+0308) in font PT Serif/OT:script=latn;langu
age=dflt;!

Underfull \hbox (badness 10000) in paragraph at lines 8198--8202

 []


Underfull \hbox (badness 10000) in paragraph at lines 8207--8208

 []

Missing character: There is no ̆ (U+0306) in font PT Serif/OT:script=latn;langu
age=dflt;!
Missing character: There is no ̆ (U+0306) in font PT Serif/OT:script=latn;langu
age=dflt;!
Missing character: There is no ̆ (U+0306) in font PT Serif/OT:script=latn;langu
age=dflt;!
Missing character: There is no ̈ (U+0308) in font PT Serif/OT:script=latn;langu
age=dflt;!
Missing character: There is no ̆ (U+0306) in font PT Serif/OT:script=latn;langu
age=dflt;!

Underfull \hbox (badness 10000) in paragraph at lines 8213--8217

 []

Missing character: There is no ̆ (U+0306) in font PT Serif/OT:script=latn;langu
age=dflt;!
Missing character: There is no ̆ (U+0306) in font PT Serif/OT:script=latn;langu
age=dflt;!
Missing character: There is no ̆ (U+0306) in font PT Serif/OT:script=latn;langu
age=dflt;!
Missing character: There is no ̈ (U+0308) in font PT Serif/OT:script=latn;langu
age=dflt;!
Missing character: There is no ̆ (U+0306) in font PT Serif/OT:script=latn;langu
age=dflt;!
Missing character: There is no ̆ (U+0306) in font PT Serif/OT:script=latn;langu
age=dflt;!
Missing character: There is no ̈ (U+0308) in font PT Serif/OT:script=latn;langu
age=dflt;!
Missing character: There is no ̈ (U+0308) in font PT Serif/OT:script=latn;langu
age=dflt;!

Underfull \hbox (badness 10000) in paragraph at lines 8222--8226

 []


Package fancyhdr Warning: \footskip is too small (14.22636pt): 
(fancyhdr)                Make it at least 17.4pt, for example:
(fancyhdr)                \setlength{\footskip}{17.4pt}.

[221]
Missing character: There is no ̈ (U+0308) in font PT Serif Bold/OT:script=latn;
language=dflt;!
Missing character: There is no ̈ (U+0308) in font PT Serif Bold/OT:script=latn;
language=dflt;!
Missing character: There is no ̈ (U+0308) in font PT Serif Bold/OT:script=latn;
language=dflt;!

Underfull \hbox (badness 10000) in paragraph at lines 8231--8235

 []

Missing character: There is no ̈ (U+0308) in font PT Serif Bold/OT:script=latn;
language=dflt;!

Underfull \hbox (badness 10000) in paragraph at lines 8240--8244

 []


Underfull \hbox (badness 10000) in paragraph at lines 8249--8250

 []


Package fancyhdr Warning: \footskip is too small (14.22636pt): 
(fancyhdr)                Make it at least 17.4pt, for example:
(fancyhdr)                \setlength{\footskip}{17.4pt}.

[222]
Missing character: There is no ̆ (U+0306) in font PT Serif/OT:script=latn;langu
age=dflt;!
Missing character: There is no ̈ (U+0308) in font PT Serif/OT:script=latn;langu
age=dflt;!
Missing character: There is no ̆ (U+0306) in font PT Serif/OT:script=latn;langu
age=dflt;!
Missing character: There is no ̈ (U+0308) in font PT Serif/OT:script=latn;langu
age=dflt;!
Missing character: There is no ̆ (U+0306) in font PT Serif/OT:script=latn;langu
age=dflt;!
Missing character: There is no ̆ (U+0306) in font PT Serif/OT:script=latn;langu
age=dflt;!
Missing character: There is no ̈ (U+0308) in font PT Serif/OT:script=latn;langu
age=dflt;!
Missing character: There is no ̆ (U+0306) in font PT Serif/OT:script=latn;langu
age=dflt;!
Missing character: There is no ̈ (U+0308) in font PT Serif/OT:script=latn;langu
age=dflt;!
Missing character: There is no ̈ (U+0308) in font PT Serif/OT:script=latn;langu
age=dflt;!
Missing character: There is no ̆ (U+0306) in font PT Serif/OT:script=latn;langu
age=dflt;!
Missing character: There is no ̈ (U+0308) in font PT Serif/OT:script=latn;langu
age=dflt;!
Missing character: There is no ̈ (U+0308) in font PT Serif/OT:script=latn;langu
age=dflt;!

Underfull \hbox (badness 10000) in paragraph at lines 8263--8267

 []

Missing character: There is no ̈ (U+0308) in font PT Serif/OT:script=latn;langu
age=dflt;!
Missing character: There is no ̈ (U+0308) in font PT Serif/OT:script=latn;langu
age=dflt;!
Missing character: There is no ̈ (U+0308) in font PT Serif/OT:script=latn;langu
age=dflt;!
Missing character: There is no ̈ (U+0308) in font PT Serif/OT:script=latn;langu
age=dflt;!
Missing character: There is no ̈ (U+0308) in font PT Serif/OT:script=latn;langu
age=dflt;!

Underfull \hbox (badness 10000) in paragraph at lines 8272--8276

 []

Missing character: There is no ̆ (U+0306) in font PT Serif/OT:script=latn;langu
age=dflt;!
Missing character: There is no ̆ (U+0306) in font PT Serif/OT:script=latn;langu
age=dflt;!

Underfull \hbox (badness 10000) in paragraph at lines 8281--8285

 []

Missing character: There is no ̆ (U+0306) in font PT Serif/OT:script=latn;langu
age=dflt;!
Missing character: There is no ̆ (U+0306) in font PT Serif/OT:script=latn;langu
age=dflt;!
Missing character: There is no ̆ (U+0306) in font PT Serif/OT:script=latn;langu
age=dflt;!
Missing character: There is no ̆ (U+0306) in font PT Serif/OT:script=latn;langu
age=dflt;!

Underfull \hbox (badness 10000) in paragraph at lines 8290--8294

 []

Missing character: There is no ̈ (U+0308) in font PT Serif/OT:script=latn;langu
age=dflt;!
Missing character: There is no ̆ (U+0306) in font PT Serif/OT:script=latn;langu
age=dflt;!
Missing character: There is no ̈ (U+0308) in font PT Serif/OT:script=latn;langu
age=dflt;!
Missing character: There is no ̈ (U+0308) in font PT Serif/OT:script=latn;langu
age=dflt;!
Missing character: There is no ̈ (U+0308) in font PT Serif/OT:script=latn;langu
age=dflt;!

Underfull \hbox (badness 10000) in paragraph at lines 8299--8303

 []

Missing character: There is no ̆ (U+0306) in font PT Serif/OT:script=latn;langu
age=dflt;!
Missing character: There is no ̈ (U+0308) in font PT Serif/OT:script=latn;langu
age=dflt;!
Missing character: There is no ̆ (U+0306) in font PT Serif/OT:script=latn;langu
age=dflt;!
Missing character: There is no ̆ (U+0306) in font PT Serif/OT:script=latn;langu
age=dflt;!
Missing character: There is no ̆ (U+0306) in font PT Serif/OT:script=latn;langu
age=dflt;!
Missing character: There is no ̈ (U+0308) in font PT Serif/OT:script=latn;langu
age=dflt;!
Missing character: There is no ̆ (U+0306) in font PT Serif/OT:script=latn;langu
age=dflt;!
Missing character: There is no ̈ (U+0308) in font PT Serif/OT:script=latn;langu
age=dflt;!

Underfull \hbox (badness 10000) in paragraph at lines 8308--8312

 []


Package fancyhdr Warning: \footskip is too small (14.22636pt): 
(fancyhdr)                Make it at least 17.4pt, for example:
(fancyhdr)                \setlength{\footskip}{17.4pt}.

[223]

Package fancyhdr Warning: \footskip is too small (14.22636pt): 
(fancyhdr)                Make it at least 17.4pt, for example:
(fancyhdr)                \setlength{\footskip}{17.4pt}.

[224]
Underfull \hbox (badness 10000) in paragraph at lines 8325--8329

 []


Underfull \hbox (badness 10000) in paragraph at lines 8334--8338

 []


Underfull \hbox (badness 10000) in paragraph at lines 8343--8347

 []


Underfull \hbox (badness 10000) in paragraph at lines 8352--8356

 []


Underfull \hbox (badness 10000) in paragraph at lines 8361--8365

 []


Underfull \hbox (badness 10000) in paragraph at lines 8370--8374

 []


Package fancyhdr Warning: \footskip is too small (14.22636pt): 
(fancyhdr)                Make it at least 17.4pt, for example:
(fancyhdr)                \setlength{\footskip}{17.4pt}.

[225]
Underfull \hbox (badness 10000) in paragraph at lines 8379--8383

 []


Package fancyhdr Warning: \footskip is too small (14.22636pt): 
(fancyhdr)                Make it at least 17.4pt, for example:
(fancyhdr)                \setlength{\footskip}{17.4pt}.

[226]
Underfull \hbox (badness 10000) in paragraph at lines 8393--8397

 []


Underfull \hbox (badness 10000) in paragraph at lines 8402--8406

 []


Underfull \hbox (badness 10000) in paragraph at lines 8411--8415

 []


Underfull \hbox (badness 10000) in paragraph at lines 8420--8424

 []


Underfull \hbox (badness 10000) in paragraph at lines 8429--8433

 []


Underfull \hbox (badness 10000) in paragraph at lines 8438--8442

 []


Package fancyhdr Warning: \footskip is too small (14.22636pt): 
(fancyhdr)                Make it at least 17.4pt, for example:
(fancyhdr)                \setlength{\footskip}{17.4pt}.

[227]

Package fancyhdr Warning: \footskip is too small (14.22636pt): 
(fancyhdr)                Make it at least 17.4pt, for example:
(fancyhdr)                \setlength{\footskip}{17.4pt}.

[228]
Underfull \hbox (badness 10000) in paragraph at lines 8455--8459

 []


Underfull \hbox (badness 10000) in paragraph at lines 8464--8468

 []


Underfull \hbox (badness 10000) in paragraph at lines 8473--8477

 []


Underfull \hbox (badness 10000) in paragraph at lines 8482--8486

 []


Underfull \hbox (badness 10000) in paragraph at lines 8491--8495

 []


Underfull \hbox (badness 10000) in paragraph at lines 8500--8504

 []


Package fancyhdr Warning: \footskip is too small (14.22636pt): 
(fancyhdr)                Make it at least 17.4pt, for example:
(fancyhdr)                \setlength{\footskip}{17.4pt}.

[229]
Underfull \hbox (badness 10000) in paragraph at lines 8509--8513

 []


Underfull \hbox (badness 10000) in paragraph at lines 8518--8522

 []


Package fancyhdr Warning: \footskip is too small (14.22636pt): 
(fancyhdr)                Make it at least 17.4pt, for example:
(fancyhdr)                \setlength{\footskip}{17.4pt}.

[230] [231

]
Missing character: There is no ̆ (U+0306) in font PT Serif/OT:script=latn;langu
age=dflt;!

Underfull \hbox (badness 10000) in paragraph at lines 8539--8543

 []

Missing character: There is no ̆ (U+0306) in font PT Serif/OT:script=latn;langu
age=dflt;!

Underfull \hbox (badness 10000) in paragraph at lines 8548--8552

 []


Underfull \hbox (badness 10000) in paragraph at lines 8557--8561

 []

Missing character: There is no ̆ (U+0306) in font PT Serif/OT:script=latn;langu
age=dflt;!
Missing character: There is no ̈ (U+0308) in font PT Serif/OT:script=latn;langu
age=dflt;!

Underfull \hbox (badness 10000) in paragraph at lines 8566--8570

 []


Underfull \hbox (badness 10000) in paragraph at lines 8575--8579

 []


Underfull \hbox (badness 10000) in paragraph at lines 8584--8588

 []


Package fancyhdr Warning: \footskip is too small (14.22636pt): 
(fancyhdr)                Make it at least 17.4pt, for example:
(fancyhdr)                \setlength{\footskip}{17.4pt}.

[232]
Underfull \hbox (badness 10000) in paragraph at lines 8593--8597

 []


Package fancyhdr Warning: \footskip is too small (14.22636pt): 
(fancyhdr)                Make it at least 17.4pt, for example:
(fancyhdr)                \setlength{\footskip}{17.4pt}.

[233]
Missing character: There is no ̆ (U+0306) in font PT Serif Bold/OT:script=latn;
language=dflt;!
Missing character: There is no ̆ (U+0306) in font PT Serif/OT:script=latn;langu
age=dflt;!
Missing character: There is no ̆ (U+0306) in font PT Serif/OT:script=latn;langu
age=dflt;!
Missing character: There is no ̆ (U+0306) in font PT Serif/OT:script=latn;langu
age=dflt;!
Missing character: There is no ̆ (U+0306) in font PT Serif Bold/OT:script=latn;
language=dflt;!
Missing character: There is no ̆ (U+0306) in font PT Serif Bold/OT:script=latn;
language=dflt;!

Underfull \hbox (badness 10000) in paragraph at lines 8607--8611

 []

Missing character: There is no ̆ (U+0306) in font PT Serif/OT:script=latn;langu
age=dflt;!
Missing character: There is no ̆ (U+0306) in font PT Serif Bold/OT:script=latn;
language=dflt;!

Underfull \hbox (badness 10000) in paragraph at lines 8616--8620

 []

Missing character: There is no ̆ (U+0306) in font PT Serif/OT:script=latn;langu
age=dflt;!
Missing character: There is no ̆ (U+0306) in font PT Serif Bold/OT:script=latn;
language=dflt;!

Underfull \hbox (badness 10000) in paragraph at lines 8625--8629

 []

Missing character: There is no ̆ (U+0306) in font PT Serif/OT:script=latn;langu
age=dflt;!
Missing character: There is no ̆ (U+0306) in font PT Serif Bold/OT:script=latn;
language=dflt;!

Underfull \hbox (badness 10000) in paragraph at lines 8634--8638

 []

Missing character: There is no ̆ (U+0306) in font PT Serif/OT:script=latn;langu
age=dflt;!
Missing character: There is no ̆ (U+0306) in font PT Serif Bold/OT:script=latn;
language=dflt;!

Underfull \hbox (badness 10000) in paragraph at lines 8643--8647

 []

Missing character: There is no ̆ (U+0306) in font PT Serif/OT:script=latn;langu
age=dflt;!
Missing character: There is no ̆ (U+0306) in font PT Serif Bold/OT:script=latn;
language=dflt;!

Underfull \hbox (badness 10000) in paragraph at lines 8652--8656

 []


Package fancyhdr Warning: \footskip is too small (14.22636pt): 
(fancyhdr)                Make it at least 17.4pt, for example:
(fancyhdr)                \setlength{\footskip}{17.4pt}.

[234]
Missing character: There is no ̆ (U+0306) in font PT Serif/OT:script=latn;langu
age=dflt;!
Missing character: There is no ̆ (U+0306) in font PT Serif/OT:script=latn;langu
age=dflt;!
Missing character: There is no ̆ (U+0306) in font PT Serif/OT:script=latn;langu
age=dflt;!
Missing character: There is no ̆ (U+0306) in font PT Serif Bold/OT:script=latn;
language=dflt;!
Missing character: There is no ̆ (U+0306) in font PT Serif Bold/OT:script=latn;
language=dflt;!

Underfull \hbox (badness 10000) in paragraph at lines 8661--8665

 []

Missing character: There is no ̆ (U+0306) in font PT Serif/OT:script=latn;langu
age=dflt;!
Missing character: There is no ̆ (U+0306) in font PT Serif Bold/OT:script=latn;
language=dflt;!

Underfull \hbox (badness 10000) in paragraph at lines 8670--8674

 []

Missing character: There is no ̆ (U+0306) in font PT Serif/OT:script=latn;langu
age=dflt;!
Missing character: There is no ̆ (U+0306) in font PT Serif/OT:script=latn;langu
age=dflt;!
Missing character: There is no ̆ (U+0306) in font PT Serif/OT:script=latn;langu
age=dflt;!
Missing character: There is no ̆ (U+0306) in font PT Serif Bold/OT:script=latn;
language=dflt;!
Missing character: There is no ̆ (U+0306) in font PT Serif Bold/OT:script=latn;
language=dflt;!
Missing character: There is no ̆ (U+0306) in font PT Serif Bold/OT:script=latn;
language=dflt;!

Underfull \hbox (badness 10000) in paragraph at lines 8679--8683

 []

Missing character: There is no ̆ (U+0306) in font PT Serif/OT:script=latn;langu
age=dflt;!
Missing character: There is no ̆ (U+0306) in font PT Serif Bold/OT:script=latn;
language=dflt;!

Underfull \hbox (badness 10000) in paragraph at lines 8688--8692

 []

Missing character: There is no ̆ (U+0306) in font PT Serif/OT:script=latn;langu
age=dflt;!
Missing character: There is no ̆ (U+0306) in font PT Serif/OT:script=latn;langu
age=dflt;!
Missing character: There is no ̆ (U+0306) in font PT Serif/OT:script=latn;langu
age=dflt;!
Missing character: There is no ̆ (U+0306) in font PT Serif Bold/OT:script=latn;
language=dflt;!
Missing character: There is no ̆ (U+0306) in font PT Serif Bold/OT:script=latn;
language=dflt;!

Underfull \hbox (badness 10000) in paragraph at lines 8697--8701

 []

Missing character: There is no ̆ (U+0306) in font PT Serif/OT:script=latn;langu
age=dflt;!
Missing character: There is no ̆ (U+0306) in font PT Serif Bold/OT:script=latn;
language=dflt;!

Underfull \hbox (badness 10000) in paragraph at lines 8706--8710

 []


Package fancyhdr Warning: \footskip is too small (14.22636pt): 
(fancyhdr)                Make it at least 17.4pt, for example:
(fancyhdr)                \setlength{\footskip}{17.4pt}.

[235]

Package fancyhdr Warning: \footskip is too small (14.22636pt): 
(fancyhdr)                Make it at least 17.4pt, for example:
(fancyhdr)                \setlength{\footskip}{17.4pt}.

[236]
Missing character: There is no ̆ (U+0306) in font PT Serif/OT:script=latn;langu
age=dflt;!

Underfull \hbox (badness 10000) in paragraph at lines 8720--8724

 []

Missing character: There is no ̆ (U+0306) in font PT Serif Bold/OT:script=latn;
language=dflt;!

Underfull \hbox (badness 10000) in paragraph at lines 8729--8733

 []

Missing character: There is no ̆ (U+0306) in font PT Serif Bold/OT:script=latn;
language=dflt;!

Underfull \hbox (badness 10000) in paragraph at lines 8738--8742

 []


Package fancyhdr Warning: \footskip is too small (14.22636pt): 
(fancyhdr)                Make it at least 17.4pt, for example:
(fancyhdr)                \setlength{\footskip}{17.4pt}.

[237]
Missing character: There is no ̆ (U+0306) in font PT Serif Bold/OT:script=latn;
language=dflt;!
Missing character: There is no ̆ (U+0306) in font PT Serif/OT:script=latn;langu
age=dflt;!

Underfull \hbox (badness 10000) in paragraph at lines 8752--8756

 []


Underfull \hbox (badness 10000) in paragraph at lines 8761--8765

 []


Underfull \hbox (badness 10000) in paragraph at lines 8770--8774

 []


Underfull \hbox (badness 10000) in paragraph at lines 8779--8783

 []

Missing character: There is no ̆ (U+0306) in font PT Serif/OT:script=latn;langu
age=dflt;!

Underfull \hbox (badness 10000) in paragraph at lines 8788--8792

 []


Underfull \hbox (badness 10000) in paragraph at lines 8797--8801

 []


Package fancyhdr Warning: \footskip is too small (14.22636pt): 
(fancyhdr)                Make it at least 17.4pt, for example:
(fancyhdr)                \setlength{\footskip}{17.4pt}.

[238]
Missing character: There is no ̆ (U+0306) in font PT Serif/OT:script=latn;langu
age=dflt;!
Missing character: There is no ̆ (U+0306) in font PT Serif/OT:script=latn;langu
age=dflt;!
Missing character: There is no ̆ (U+0306) in font PT Serif/OT:script=latn;langu
age=dflt;!

Underfull \hbox (badness 10000) in paragraph at lines 8806--8810

 []

Missing character: There is no ̆ (U+0306) in font PT Serif/OT:script=latn;langu
age=dflt;!
Missing character: There is no ̆ (U+0306) in font PT Serif/OT:script=latn;langu
age=dflt;!

Underfull \hbox (badness 10000) in paragraph at lines 8815--8819

 []

Missing character: There is no ̆ (U+0306) in font PT Serif/OT:script=latn;langu
age=dflt;!
Missing character: There is no ̆ (U+0306) in font PT Serif/OT:script=latn;langu
age=dflt;!
Missing character: There is no ̆ (U+0306) in font PT Serif/OT:script=latn;langu
age=dflt;!
Missing character: There is no ̆ (U+0306) in font PT Serif/OT:script=latn;langu
age=dflt;!

Underfull \hbox (badness 10000) in paragraph at lines 8824--8828

 []

Missing character: There is no ̆ (U+0306) in font PT Serif/OT:script=latn;langu
age=dflt;!

Underfull \hbox (badness 10000) in paragraph at lines 8833--8837

 []


Package fancyhdr Warning: \footskip is too small (14.22636pt): 
(fancyhdr)                Make it at least 17.4pt, for example:
(fancyhdr)                \setlength{\footskip}{17.4pt}.

[239]
Missing character: There is no ̆ (U+0306) in font PT Serif/OT:script=latn;langu
age=dflt;!
Missing character: There is no ̈ (U+0308) in font PT Serif/OT:script=latn;langu
age=dflt;!
Missing character: There is no ̆ (U+0306) in font PT Serif/OT:script=latn;langu
age=dflt;!
Missing character: There is no ̆ (U+0306) in font PT Serif/OT:script=latn;langu
age=dflt;!
Missing character: There is no ̆ (U+0306) in font PT Serif/OT:script=latn;langu
age=dflt;!

Underfull \hbox (badness 10000) in paragraph at lines 8850--8854

 []

Missing character: There is no ̆ (U+0306) in font PT Serif/OT:script=latn;langu
age=dflt;!
Missing character: There is no ̈ (U+0308) in font PT Serif/OT:script=latn;langu
age=dflt;!
Missing character: There is no ̆ (U+0306) in font PT Serif/OT:script=latn;langu
age=dflt;!
Missing character: There is no ̈ (U+0308) in font PT Serif/OT:script=latn;langu
age=dflt;!
Missing character: There is no ̈ (U+0308) in font PT Serif Bold/OT:script=latn;
language=dflt;!
Missing character: There is no ̈ (U+0308) in font PT Serif Bold/OT:script=latn;
language=dflt;!

Underfull \hbox (badness 10000) in paragraph at lines 8859--8863

 []

Missing character: There is no ̆ (U+0306) in font PT Serif/OT:script=latn;langu
age=dflt;!
Missing character: There is no ̆ (U+0306) in font PT Serif Bold/OT:script=latn;
language=dflt;!

Underfull \hbox (badness 10000) in paragraph at lines 8868--8872

 []

Missing character: There is no ̈ (U+0308) in font PT Serif/OT:script=latn;langu
age=dflt;!
Missing character: There is no ̆ (U+0306) in font PT Serif/OT:script=latn;langu
age=dflt;!
Missing character: There is no ̈ (U+0308) in font PT Serif/OT:script=latn;langu
age=dflt;!
Missing character: There is no ̆ (U+0306) in font PT Serif/OT:script=latn;langu
age=dflt;!
Missing character: There is no ̆ (U+0306) in font PT Serif/OT:script=latn;langu
age=dflt;!

Underfull \hbox (badness 10000) in paragraph at lines 8877--8881

 []


Package fancyhdr Warning: \footskip is too small (14.22636pt): 
(fancyhdr)                Make it at least 17.4pt, for example:
(fancyhdr)                \setlength{\footskip}{17.4pt}.

[240]
Underfull \hbox (badness 10000) in paragraph at lines 8893--8897

 []


Underfull \hbox (badness 10000) in paragraph at lines 8902--8906

 []


Underfull \hbox (badness 10000) in paragraph at lines 8911--8915

 []


Package fancyhdr Warning: \footskip is too small (14.22636pt): 
(fancyhdr)                Make it at least 17.4pt, for example:
(fancyhdr)                \setlength{\footskip}{17.4pt}.

[241]
Missing character: There is no ̆ (U+0306) in font PT Serif Bold/OT:script=latn;
language=dflt;!
Missing character: There is no ̆ (U+0306) in font PT Serif/OT:script=latn;langu
age=dflt;!
Missing character: There is no ̆ (U+0306) in font PT Serif/OT:script=latn;langu
age=dflt;!
Missing character: There is no ̆ (U+0306) in font PT Serif/OT:script=latn;langu
age=dflt;!
Missing character: There is no ̆ (U+0306) in font PT Serif/OT:script=latn;langu
age=dflt;!
Missing character: There is no ̆ (U+0306) in font PT Serif/OT:script=latn;langu
age=dflt;!
Missing character: There is no ̆ (U+0306) in font PT Serif/OT:script=latn;langu
age=dflt;!
Missing character: There is no ̆ (U+0306) in font PT Serif/OT:script=latn;langu
age=dflt;!

Underfull \hbox (badness 10000) in paragraph at lines 8925--8929

 []

Missing character: There is no ̆ (U+0306) in font PT Serif/OT:script=latn;langu
age=dflt;!
Missing character: There is no ̆ (U+0306) in font PT Serif/OT:script=latn;langu
age=dflt;!
Missing character: There is no ̆ (U+0306) in font PT Serif/OT:script=latn;langu
age=dflt;!
Missing character: There is no ̆ (U+0306) in font PT Serif/OT:script=latn;langu
age=dflt;!

Underfull \hbox (badness 10000) in paragraph at lines 8934--8938

 []


Underfull \hbox (badness 10000) in paragraph at lines 8943--8947

 []

Missing character: There is no ̆ (U+0306) in font PT Serif/OT:script=latn;langu
age=dflt;!
Missing character: There is no ̆ (U+0306) in font PT Serif/OT:script=latn;langu
age=dflt;!

Underfull \hbox (badness 10000) in paragraph at lines 8952--8956

 []

Missing character: There is no ̆ (U+0306) in font PT Serif/OT:script=latn;langu
age=dflt;!
Missing character: There is no ̆ (U+0306) in font PT Serif/OT:script=latn;langu
age=dflt;!
Missing character: There is no ̆ (U+0306) in font PT Serif/OT:script=latn;langu
age=dflt;!
Missing character: There is no ̆ (U+0306) in font PT Serif/OT:script=latn;langu
age=dflt;!
Missing character: There is no ̆ (U+0306) in font PT Serif/OT:script=latn;langu
age=dflt;!
Missing character: There is no ̆ (U+0306) in font PT Serif/OT:script=latn;langu
age=dflt;!
Missing character: There is no ̆ (U+0306) in font PT Serif/OT:script=latn;langu
age=dflt;!

Underfull \hbox (badness 10000) in paragraph at lines 8961--8965

 []

Missing character: There is no ̆ (U+0306) in font PT Serif/OT:script=latn;langu
age=dflt;!
Missing character: There is no ̆ (U+0306) in font PT Serif/OT:script=latn;langu
age=dflt;!
Missing character: There is no ̆ (U+0306) in font PT Serif/OT:script=latn;langu
age=dflt;!

Underfull \hbox (badness 10000) in paragraph at lines 8970--8974

 []


Package fancyhdr Warning: \footskip is too small (14.22636pt): 
(fancyhdr)                Make it at least 17.4pt, for example:
(fancyhdr)                \setlength{\footskip}{17.4pt}.

[242]
Missing character: There is no ̆ (U+0306) in font PT Serif/OT:script=latn;langu
age=dflt;!
Missing character: There is no ̆ (U+0306) in font PT Serif/OT:script=latn;langu
age=dflt;!
Missing character: There is no ̆ (U+0306) in font PT Serif/OT:script=latn;langu
age=dflt;!
Missing character: There is no ̆ (U+0306) in font PT Serif/OT:script=latn;langu
age=dflt;!

Underfull \hbox (badness 10000) in paragraph at lines 8979--8983

 []

Missing character: There is no ̆ (U+0306) in font PT Serif/OT:script=latn;langu
age=dflt;!
Missing character: There is no ̆ (U+0306) in font PT Serif/OT:script=latn;langu
age=dflt;!

Underfull \hbox (badness 10000) in paragraph at lines 8988--8992

 []


Underfull \hbox (badness 10000) in paragraph at lines 8997--9001

 []


Package fancyhdr Warning: \footskip is too small (14.22636pt): 
(fancyhdr)                Make it at least 17.4pt, for example:
(fancyhdr)                \setlength{\footskip}{17.4pt}.

[243]
Missing character: There is no ̆ (U+0306) in font PT Serif/OT:script=latn;langu
age=dflt;!
Missing character: There is no ̆ (U+0306) in font PT Serif/OT:script=latn;langu
age=dflt;!
Missing character: There is no ̆ (U+0306) in font PT Serif/OT:script=latn;langu
age=dflt;!

Underfull \hbox (badness 10000) in paragraph at lines 9011--9015

 []


Underfull \hbox (badness 10000) in paragraph at lines 9020--9024

 []

Missing character: There is no ̆ (U+0306) in font PT Serif/OT:script=latn;langu
age=dflt;!
Missing character: There is no ̆ (U+0306) in font PT Serif/OT:script=latn;langu
age=dflt;!
Missing character: There is no ̆ (U+0306) in font PT Serif/OT:script=latn;langu
age=dflt;!

Underfull \hbox (badness 10000) in paragraph at lines 9029--9033

 []

Missing character: There is no ̆ (U+0306) in font PT Serif/OT:script=latn;langu
age=dflt;!

Underfull \hbox (badness 10000) in paragraph at lines 9038--9042

 []

Missing character: There is no ̆ (U+0306) in font PT Serif/OT:script=latn;langu
age=dflt;!
Missing character: There is no ̆ (U+0306) in font PT Serif/OT:script=latn;langu
age=dflt;!

Underfull \hbox (badness 10000) in paragraph at lines 9047--9051

 []

Missing character: There is no ̆ (U+0306) in font PT Serif/OT:script=latn;langu
age=dflt;!

Underfull \hbox (badness 10000) in paragraph at lines 9056--9060

 []


Package fancyhdr Warning: \footskip is too small (14.22636pt): 
(fancyhdr)                Make it at least 17.4pt, for example:
(fancyhdr)                \setlength{\footskip}{17.4pt}.

[244]
Missing character: There is no ̆ (U+0306) in font PT Serif/OT:script=latn;langu
age=dflt;!
Missing character: There is no ̆ (U+0306) in font PT Serif/OT:script=latn;langu
age=dflt;!
Missing character: There is no ̆ (U+0306) in font PT Serif/OT:script=latn;langu
age=dflt;!

Underfull \hbox (badness 10000) in paragraph at lines 9065--9069

 []

Missing character: There is no ̆ (U+0306) in font PT Serif/OT:script=latn;langu
age=dflt;!

Underfull \hbox (badness 10000) in paragraph at lines 9074--9078

 []

Missing character: There is no ̆ (U+0306) in font PT Serif/OT:script=latn;langu
age=dflt;!

Underfull \hbox (badness 10000) in paragraph at lines 9083--9087

 []

Missing character: There is no ̆ (U+0306) in font PT Serif/OT:script=latn;langu
age=dflt;!

Underfull \hbox (badness 10000) in paragraph at lines 9092--9096

 []


Package fancyhdr Warning: \footskip is too small (14.22636pt): 
(fancyhdr)                Make it at least 17.4pt, for example:
(fancyhdr)                \setlength{\footskip}{17.4pt}.

[245] [246

]
Underfull \hbox (badness 10000) in paragraph at lines 9116--9120

 []

Missing character: There is no ̆ (U+0306) in font PT Serif/OT:script=latn;langu
age=dflt;!

Underfull \hbox (badness 10000) in paragraph at lines 9125--9129

 []


Underfull \hbox (badness 10000) in paragraph at lines 9134--9138

 []


Underfull \hbox (badness 10000) in paragraph at lines 9143--9147

 []


Underfull \hbox (badness 10000) in paragraph at lines 9152--9156

 []

Missing character: There is no ̆ (U+0306) in font PT Serif/OT:script=latn;langu
age=dflt;!

Underfull \hbox (badness 10000) in paragraph at lines 9161--9165

 []


Package fancyhdr Warning: \footskip is too small (14.22636pt): 
(fancyhdr)                Make it at least 17.4pt, for example:
(fancyhdr)                \setlength{\footskip}{17.4pt}.

[247]
Missing character: There is no ̆ (U+0306) in font PT Serif/OT:script=latn;langu
age=dflt;!

Underfull \hbox (badness 10000) in paragraph at lines 9170--9174

 []

Missing character: There is no ̆ (U+0306) in font PT Serif/OT:script=latn;langu
age=dflt;!

Underfull \hbox (badness 10000) in paragraph at lines 9179--9183

 []

Missing character: There is no ̆ (U+0306) in font PT Serif/OT:script=latn;langu
age=dflt;!

Underfull \hbox (badness 10000) in paragraph at lines 9188--9192

 []

Missing character: There is no ̆ (U+0306) in font PT Serif/OT:script=latn;langu
age=dflt;!

Underfull \hbox (badness 10000) in paragraph at lines 9197--9201

 []

Missing character: There is no ̆ (U+0306) in font PT Serif/OT:script=latn;langu
age=dflt;!

Underfull \hbox (badness 10000) in paragraph at lines 9206--9210

 []

Missing character: There is no ̆ (U+0306) in font PT Serif/OT:script=latn;langu
age=dflt;!

Underfull \hbox (badness 10000) in paragraph at lines 9215--9219

 []


Package fancyhdr Warning: \footskip is too small (14.22636pt): 
(fancyhdr)                Make it at least 17.4pt, for example:
(fancyhdr)                \setlength{\footskip}{17.4pt}.

[248]
Underfull \hbox (badness 10000) in paragraph at lines 9224--9228

 []


Underfull \hbox (badness 10000) in paragraph at lines 9233--9237

 []


Package fancyhdr Warning: \footskip is too small (14.22636pt): 
(fancyhdr)                Make it at least 17.4pt, for example:
(fancyhdr)                \setlength{\footskip}{17.4pt}.

[249]
Underfull \hbox (badness 10000) in paragraph at lines 9250--9258

 []

Missing character: There is no ̆ (U+0306) in font PT Serif/OT:script=latn;langu
age=dflt;!
Missing character: There is no ̆ (U+0306) in font PT Serif/OT:script=latn;langu
age=dflt;!

Underfull \hbox (badness 10000) in paragraph at lines 9263--9271

 []

Missing character: There is no ̆ (U+0306) in font PT Serif/OT:script=latn;langu
age=dflt;!
Missing character: There is no ̆ (U+0306) in font PT Serif/OT:script=latn;langu
age=dflt;!
Missing character: There is no ̆ (U+0306) in font PT Serif Bold/OT:script=latn;
language=dflt;!

Underfull \hbox (badness 10000) in paragraph at lines 9276--9284

 []

Missing character: There is no ̆ (U+0306) in font PT Serif/OT:script=latn;langu
age=dflt;!
Missing character: There is no ̆ (U+0306) in font PT Serif/OT:script=latn;langu
age=dflt;!

Underfull \hbox (badness 10000) in paragraph at lines 9289--9297

 []


Package fancyhdr Warning: \footskip is too small (14.22636pt): 
(fancyhdr)                Make it at least 17.4pt, for example:
(fancyhdr)                \setlength{\footskip}{17.4pt}.

[250]

Package fancyhdr Warning: \footskip is too small (14.22636pt): 
(fancyhdr)                Make it at least 17.4pt, for example:
(fancyhdr)                \setlength{\footskip}{17.4pt}.

[251]
Missing character: There is no ̆ (U+0306) in font PT Serif/OT:script=latn;langu
age=dflt;!
Missing character: There is no ̆ (U+0306) in font PT Serif/OT:script=latn;langu
age=dflt;!

Underfull \hbox (badness 10000) in paragraph at lines 9310--9314

 []

Missing character: There is no ̆ (U+0306) in font PT Serif/OT:script=latn;langu
age=dflt;!

Underfull \hbox (badness 10000) in paragraph at lines 9319--9323

 []

Missing character: There is no ̈ (U+0308) in font PT Serif/OT:script=latn;langu
age=dflt;!
Missing character: There is no ̈ (U+0308) in font PT Serif/OT:script=latn;langu
age=dflt;!
Missing character: There is no ̈ (U+0308) in font PT Serif/OT:script=latn;langu
age=dflt;!

Underfull \hbox (badness 10000) in paragraph at lines 9328--9334

 []

Missing character: There is no ̆ (U+0306) in font PT Serif/OT:script=latn;langu
age=dflt;!

Underfull \hbox (badness 10000) in paragraph at lines 9339--9343

 []

Missing character: There is no ̈ (U+0308) in font PT Serif/OT:script=latn;langu
age=dflt;!

Underfull \hbox (badness 10000) in paragraph at lines 9348--9352

 []


Package fancyhdr Warning: \footskip is too small (14.22636pt): 
(fancyhdr)                Make it at least 17.4pt, for example:
(fancyhdr)                \setlength{\footskip}{17.4pt}.

[252]
Missing character: There is no ̈ (U+0308) in font PT Serif Bold/OT:script=latn;
language=dflt;!
Missing character: There is no ̈ (U+0308) in font PT Serif Bold/OT:script=latn;
language=dflt;!
Missing character: There is no ̈ (U+0308) in font PT Serif Bold/OT:script=latn;
language=dflt;!

Underfull \hbox (badness 10000) in paragraph at lines 9357--9363

 []


Package fancyhdr Warning: \footskip is too small (14.22636pt): 
(fancyhdr)                Make it at least 17.4pt, for example:
(fancyhdr)                \setlength{\footskip}{17.4pt}.

[253]
Missing character: There is no ̆ (U+0306) in font PT Serif/OT:script=latn;langu
age=dflt;!
Missing character: There is no ̆ (U+0306) in font PT Serif/OT:script=latn;langu
age=dflt;!

Underfull \hbox (badness 10000) in paragraph at lines 9376--9380

 []

Missing character: There is no ̆ (U+0306) in font PT Serif Bold/OT:script=latn;
language=dflt;!

Underfull \hbox (badness 10000) in paragraph at lines 9385--9389

 []

Missing character: There is no ̆ (U+0306) in font PT Serif/OT:script=latn;langu
age=dflt;!

Underfull \hbox (badness 10000) in paragraph at lines 9394--9398

 []

Missing character: There is no ̆ (U+0306) in font PT Serif Bold/OT:script=latn;
language=dflt;!

Underfull \hbox (badness 10000) in paragraph at lines 9403--9407

 []

Missing character: There is no ̆ (U+0306) in font PT Serif/OT:script=latn;langu
age=dflt;!

Underfull \hbox (badness 10000) in paragraph at lines 9412--9416

 []

Missing character: There is no ̆ (U+0306) in font PT Serif Bold/OT:script=latn;
language=dflt;!

Underfull \hbox (badness 10000) in paragraph at lines 9421--9425

 []


Package fancyhdr Warning: \footskip is too small (14.22636pt): 
(fancyhdr)                Make it at least 17.4pt, for example:
(fancyhdr)                \setlength{\footskip}{17.4pt}.

[254]

Package fancyhdr Warning: \footskip is too small (14.22636pt): 
(fancyhdr)                Make it at least 17.4pt, for example:
(fancyhdr)                \setlength{\footskip}{17.4pt}.

[255]
Missing character: There is no ̈ (U+0308) in font PT Serif/OT:script=latn;langu
age=dflt;!
Missing character: There is no ̈ (U+0308) in font PT Serif/OT:script=latn;langu
age=dflt;!
Missing character: There is no ̈ (U+0308) in font PT Serif/OT:script=latn;langu
age=dflt;!
Missing character: There is no ̈ (U+0308) in font PT Serif/OT:script=latn;langu
age=dflt;!

Underfull \hbox (badness 10000) in paragraph at lines 9438--9442

 []

Missing character: There is no ̆ (U+0306) in font PT Serif/OT:script=latn;langu
age=dflt;!
Missing character: There is no ̈ (U+0308) in font PT Serif/OT:script=latn;langu
age=dflt;!
Missing character: There is no ̈ (U+0308) in font PT Serif/OT:script=latn;langu
age=dflt;!

Underfull \hbox (badness 10000) in paragraph at lines 9447--9451

 []

Missing character: There is no ̈ (U+0308) in font PT Serif/OT:script=latn;langu
age=dflt;!
Missing character: There is no ̈ (U+0308) in font PT Serif/OT:script=latn;langu
age=dflt;!

Underfull \hbox (badness 10000) in paragraph at lines 9456--9460

 []

Missing character: There is no ̈ (U+0308) in font PT Serif/OT:script=latn;langu
age=dflt;!
Missing character: There is no ̈ (U+0308) in font PT Serif/OT:script=latn;langu
age=dflt;!
Missing character: There is no ̈ (U+0308) in font PT Serif/OT:script=latn;langu
age=dflt;!

Underfull \hbox (badness 10000) in paragraph at lines 9465--9468

 []


Underfull \hbox (badness 10000) in paragraph at lines 9473--9477

 []

Missing character: There is no ̈ (U+0308) in font PT Serif/OT:script=latn;langu
age=dflt;!
Missing character: There is no ̈ (U+0308) in font PT Serif/OT:script=latn;langu
age=dflt;!

Underfull \hbox (badness 10000) in paragraph at lines 9482--9486

 []


Package fancyhdr Warning: \footskip is too small (14.22636pt): 
(fancyhdr)                Make it at least 17.4pt, for example:
(fancyhdr)                \setlength{\footskip}{17.4pt}.

[256]
Missing character: There is no ̈ (U+0308) in font PT Serif/OT:script=latn;langu
age=dflt;!
Missing character: There is no ̈ (U+0308) in font PT Serif/OT:script=latn;langu
age=dflt;!

Underfull \hbox (badness 10000) in paragraph at lines 9491--9495

 []

Missing character: There is no ̈ (U+0308) in font PT Serif/OT:script=latn;langu
age=dflt;!
Missing character: There is no ̈ (U+0308) in font PT Serif/OT:script=latn;langu
age=dflt;!
Missing character: There is no ̈ (U+0308) in font PT Serif/OT:script=latn;langu
age=dflt;!

Underfull \hbox (badness 10000) in paragraph at lines 9500--9503

 []


Package fancyhdr Warning: \footskip is too small (14.22636pt): 
(fancyhdr)                Make it at least 17.4pt, for example:
(fancyhdr)                \setlength{\footskip}{17.4pt}.

[257]
Missing character: There is no ̆ (U+0306) in font PT Serif/OT:script=latn;langu
age=dflt;!
Missing character: There is no ̆ (U+0306) in font PT Serif/OT:script=latn;langu
age=dflt;!
Missing character: There is no ̆ (U+0306) in font PT Serif/OT:script=latn;langu
age=dflt;!
Missing character: There is no ̈ (U+0308) in font PT Serif/OT:script=latn;langu
age=dflt;!
Missing character: There is no ̆ (U+0306) in font PT Serif/OT:script=latn;langu
age=dflt;!

Underfull \hbox (badness 10000) in paragraph at lines 9516--9520

 []

Missing character: There is no ̆ (U+0306) in font PT Serif/OT:script=latn;langu
age=dflt;!

Underfull \hbox (badness 10000) in paragraph at lines 9525--9529

 []


Underfull \hbox (badness 10000) in paragraph at lines 9534--9538

 []


Underfull \hbox (badness 10000) in paragraph at lines 9543--9547

 []

Missing character: There is no ̆ (U+0306) in font PT Serif/OT:script=latn;langu
age=dflt;!

Underfull \hbox (badness 10000) in paragraph at lines 9552--9556

 []

Missing character: There is no ̆ (U+0306) in font PT Serif/OT:script=latn;langu
age=dflt;!
Missing character: There is no ̆ (U+0306) in font PT Serif/OT:script=latn;langu
age=dflt;!
Missing character: There is no ̆ (U+0306) in font PT Serif/OT:script=latn;langu
age=dflt;!
Missing character: There is no ̆ (U+0306) in font PT Serif/OT:script=latn;langu
age=dflt;!

Underfull \hbox (badness 10000) in paragraph at lines 9561--9565

 []


Package fancyhdr Warning: \footskip is too small (14.22636pt): 
(fancyhdr)                Make it at least 17.4pt, for example:
(fancyhdr)                \setlength{\footskip}{17.4pt}.

[258]
Underfull \hbox (badness 10000) in paragraph at lines 9570--9574

 []


Underfull \hbox (badness 10000) in paragraph at lines 9579--9583

 []


Package fancyhdr Warning: \footskip is too small (14.22636pt): 
(fancyhdr)                Make it at least 17.4pt, for example:
(fancyhdr)                \setlength{\footskip}{17.4pt}.

[259]
Missing character: There is no ̆ (U+0306) in font PT Serif/OT:script=latn;langu
age=dflt;!

Underfull \hbox (badness 10000) in paragraph at lines 9596--9602

 []

Missing character: There is no ̆ (U+0306) in font PT Serif/OT:script=latn;langu
age=dflt;!

Underfull \hbox (badness 10000) in paragraph at lines 9607--9611

 []

Missing character: There is no ̆ (U+0306) in font PT Serif/OT:script=latn;langu
age=dflt;!
Missing character: There is no ̆ (U+0306) in font PT Serif/OT:script=latn;langu
age=dflt;!
Missing character: There is no ̆ (U+0306) in font PT Serif/OT:script=latn;langu
age=dflt;!

Underfull \hbox (badness 10000) in paragraph at lines 9616--9622

 []

Missing character: There is no ̆ (U+0306) in font PT Serif/OT:script=latn;langu
age=dflt;!

Underfull \hbox (badness 10000) in paragraph at lines 9627--9631

 []

Missing character: There is no ̆ (U+0306) in font PT Serif/OT:script=latn;langu
age=dflt;!
Missing character: There is no ̆ (U+0306) in font PT Serif/OT:script=latn;langu
age=dflt;!
Missing character: There is no ̆ (U+0306) in font PT Serif/OT:script=latn;langu
age=dflt;!
Missing character: There is no ̈ (U+0308) in font PT Serif/OT:script=latn;langu
age=dflt;!
Missing character: There is no ̆ (U+0306) in font PT Serif/OT:script=latn;langu
age=dflt;!

Underfull \hbox (badness 10000) in paragraph at lines 9636--9642

 []


Package fancyhdr Warning: \footskip is too small (14.22636pt): 
(fancyhdr)                Make it at least 17.4pt, for example:
(fancyhdr)                \setlength{\footskip}{17.4pt}.

[260]
Missing character: There is no ̆ (U+0306) in font PT Serif/OT:script=latn;langu
age=dflt;!

Underfull \hbox (badness 10000) in paragraph at lines 9647--9651

 []


Package fancyhdr Warning: \footskip is too small (14.22636pt): 
(fancyhdr)                Make it at least 17.4pt, for example:
(fancyhdr)                \setlength{\footskip}{17.4pt}.

[261]
Underfull \hbox (badness 10000) in paragraph at lines 9664--9668

 []


Underfull \hbox (badness 10000) in paragraph at lines 9673--9677

 []


Underfull \hbox (badness 10000) in paragraph at lines 9682--9686

 []


Underfull \hbox (badness 10000) in paragraph at lines 9691--9695

 []


Underfull \hbox (badness 10000) in paragraph at lines 9700--9704

 []


Underfull \hbox (badness 10000) in paragraph at lines 9709--9713

 []


Package fancyhdr Warning: \footskip is too small (14.22636pt): 
(fancyhdr)                Make it at least 17.4pt, for example:
(fancyhdr)                \setlength{\footskip}{17.4pt}.

[262]
Underfull \hbox (badness 10000) in paragraph at lines 9718--9722

 []


Underfull \hbox (badness 10000) in paragraph at lines 9727--9731

 []


Underfull \hbox (badness 10000) in paragraph at lines 9736--9740

 []


Package fancyhdr Warning: \footskip is too small (14.22636pt): 
(fancyhdr)                Make it at least 17.4pt, for example:
(fancyhdr)                \setlength{\footskip}{17.4pt}.

[263]
Missing character: There is no ̆ (U+0306) in font PT Serif/OT:script=latn;langu
age=dflt;!
Missing character: There is no ̆ (U+0306) in font PT Serif/OT:script=latn;langu
age=dflt;!
Missing character: There is no ̈ (U+0308) in font PT Serif/OT:script=latn;langu
age=dflt;!

Underfull \hbox (badness 10000) in paragraph at lines 9753--9757

 []

Missing character: There is no ̈ (U+0308) in font PT Serif/OT:script=latn;langu
age=dflt;!

Underfull \hbox (badness 10000) in paragraph at lines 9762--9766

 []


Underfull \hbox (badness 10000) in paragraph at lines 9771--9774

 []

Missing character: There is no ̆ (U+0306) in font PT Serif/OT:script=latn;langu
age=dflt;!
Missing character: There is no ̆ (U+0306) in font PT Serif/OT:script=latn;langu
age=dflt;!

Underfull \hbox (badness 10000) in paragraph at lines 9779--9783

 []

Missing character: There is no ̆ (U+0306) in font PT Serif/OT:script=latn;langu
age=dflt;!

Underfull \hbox (badness 10000) in paragraph at lines 9788--9792

 []


Underfull \hbox (badness 10000) in paragraph at lines 9797--9800

 []


Package fancyhdr Warning: \footskip is too small (14.22636pt): 
(fancyhdr)                Make it at least 17.4pt, for example:
(fancyhdr)                \setlength{\footskip}{17.4pt}.

[264]
Missing character: There is no ̆ (U+0306) in font PT Serif/OT:script=latn;langu
age=dflt;!
Missing character: There is no ̆ (U+0306) in font PT Serif/OT:script=latn;langu
age=dflt;!

Underfull \hbox (badness 10000) in paragraph at lines 9805--9809

 []


Package fancyhdr Warning: \footskip is too small (14.22636pt): 
(fancyhdr)                Make it at least 17.4pt, for example:
(fancyhdr)                \setlength{\footskip}{17.4pt}.

[265]
Underfull \hbox (badness 10000) in paragraph at lines 9822--9826

 []


Underfull \hbox (badness 10000) in paragraph at lines 9831--9835

 []

Missing character: There is no ̆ (U+0306) in font PT Serif/OT:script=latn;langu
age=dflt;!
Missing character: There is no ̆ (U+0306) in font PT Serif/OT:script=latn;langu
age=dflt;!
Missing character: There is no ̆ (U+0306) in font PT Serif/OT:script=latn;langu
age=dflt;!

Underfull \hbox (badness 10000) in paragraph at lines 9840--9844

 []

Missing character: There is no ̈ (U+0308) in font PT Serif/OT:script=latn;langu
age=dflt;!
Missing character: There is no ̈ (U+0308) in font PT Serif/OT:script=latn;langu
age=dflt;!

Underfull \hbox (badness 10000) in paragraph at lines 9849--9853

 []


Underfull \hbox (badness 10000) in paragraph at lines 9858--9862

 []

Missing character: There is no ̈ (U+0308) in font PT Serif/OT:script=latn;langu
age=dflt;!
Missing character: There is no ̈ (U+0308) in font PT Serif/OT:script=latn;langu
age=dflt;!
Missing character: There is no ̈ (U+0308) in font PT Serif/OT:script=latn;langu
age=dflt;!
Missing character: There is no ̈ (U+0308) in font PT Serif/OT:script=latn;langu
age=dflt;!

Underfull \hbox (badness 10000) in paragraph at lines 9867--9871

 []


Package fancyhdr Warning: \footskip is too small (14.22636pt): 
(fancyhdr)                Make it at least 17.4pt, for example:
(fancyhdr)                \setlength{\footskip}{17.4pt}.

[266]
Missing character: There is no ̆ (U+0306) in font PT Serif Bold/OT:script=latn;
language=dflt;!
Missing character: There is no ̆ (U+0306) in font PT Serif Bold/OT:script=latn;
language=dflt;!
Missing character: There is no ̆ (U+0306) in font PT Serif Bold/OT:script=latn;
language=dflt;!

Underfull \hbox (badness 10000) in paragraph at lines 9876--9880

 []

Missing character: There is no ̈ (U+0308) in font PT Serif Bold/OT:script=latn;
language=dflt;!
Missing character: There is no ̈ (U+0308) in font PT Serif Bold/OT:script=latn;
language=dflt;!

Underfull \hbox (badness 10000) in paragraph at lines 9885--9889

 []


Package fancyhdr Warning: \footskip is too small (14.22636pt): 
(fancyhdr)                Make it at least 17.4pt, for example:
(fancyhdr)                \setlength{\footskip}{17.4pt}.

[267]
Missing character: There is no ̆ (U+0306) in font PT Serif/OT:script=latn;langu
age=dflt;!
Missing character: There is no ̈ (U+0308) in font PT Serif/OT:script=latn;langu
age=dflt;!
Missing character: There is no ̆ (U+0306) in font PT Serif/OT:script=latn;langu
age=dflt;!
Missing character: There is no ̆ (U+0306) in font PT Serif Bold/OT:script=latn;
language=dflt;!

Underfull \hbox (badness 10000) in paragraph at lines 9902--9906

 []

Missing character: There is no ̆ (U+0306) in font PT Serif/OT:script=latn;langu
age=dflt;!
Missing character: There is no ̆ (U+0306) in font PT Serif/OT:script=latn;langu
age=dflt;!

Underfull \hbox (badness 10000) in paragraph at lines 9911--9915

 []

Missing character: There is no ̈ (U+0308) in font PT Serif/OT:script=latn;langu
age=dflt;!
Missing character: There is no ̈ (U+0308) in font PT Serif/OT:script=latn;langu
age=dflt;!
Missing character: There is no ̈ (U+0308) in font PT Serif/OT:script=latn;langu
age=dflt;!
Missing character: There is no ̈ (U+0308) in font PT Serif/OT:script=latn;langu
age=dflt;!
Missing character: There is no ̈ (U+0308) in font PT Serif/OT:script=latn;langu
age=dflt;!

Underfull \hbox (badness 10000) in paragraph at lines 9920--9927

 []

Missing character: There is no ̈ (U+0308) in font PT Serif/OT:script=latn;langu
age=dflt;!
Missing character: There is no ̈ (U+0308) in font PT Serif/OT:script=latn;langu
age=dflt;!
Missing character: There is no ̆ (U+0306) in font PT Serif/OT:script=latn;langu
age=dflt;!
Missing character: There is no ̈ (U+0308) in font PT Serif/OT:script=latn;langu
age=dflt;!
Missing character: There is no ̈ (U+0308) in font PT Serif Bold/OT:script=latn;
language=dflt;!

Underfull \hbox (badness 10000) in paragraph at lines 9932--9936

 []


Package fancyhdr Warning: \footskip is too small (14.22636pt): 
(fancyhdr)                Make it at least 17.4pt, for example:
(fancyhdr)                \setlength{\footskip}{17.4pt}.

[268]
Underfull \hbox (badness 10000) in paragraph at lines 9946--9950

 []


Underfull \hbox (badness 10000) in paragraph at lines 9955--9959

 []


Underfull \hbox (badness 10000) in paragraph at lines 9964--9966

 []


Underfull \hbox (badness 10000) in paragraph at lines 9971--9975

 []


Underfull \hbox (badness 10000) in paragraph at lines 9980--9982

 []


Underfull \hbox (badness 10000) in paragraph at lines 9987--9991

 []


Underfull \hbox (badness 10000) in paragraph at lines 9996--9998

 []


Package fancyhdr Warning: \footskip is too small (14.22636pt): 
(fancyhdr)                Make it at least 17.4pt, for example:
(fancyhdr)                \setlength{\footskip}{17.4pt}.

[269]

Package fancyhdr Warning: \footskip is too small (14.22636pt): 
(fancyhdr)                Make it at least 17.4pt, for example:
(fancyhdr)                \setlength{\footskip}{17.4pt}.

[270]
Underfull \hbox (badness 10000) in paragraph at lines 10008--10012

 []


Underfull \hbox (badness 10000) in paragraph at lines 10017--10023

 []


Underfull \hbox (badness 10000) in paragraph at lines 10028--10029

 []


Underfull \hbox (badness 10000) in paragraph at lines 10034--10038

 []


Underfull \hbox (badness 10000) in paragraph at lines 10043--10047

 []


Underfull \hbox (badness 10000) in paragraph at lines 10052--10056

 []


Package fancyhdr Warning: \footskip is too small (14.22636pt): 
(fancyhdr)                Make it at least 17.4pt, for example:
(fancyhdr)                \setlength{\footskip}{17.4pt}.

[271]
Underfull \hbox (badness 10000) in paragraph at lines 10061--10062

 []


Package fancyhdr Warning: \footskip is too small (14.22636pt): 
(fancyhdr)                Make it at least 17.4pt, for example:
(fancyhdr)                \setlength{\footskip}{17.4pt}.

[272]
Missing character: There is no ̆ (U+0306) in font PT Serif/OT:script=latn;langu
age=dflt;!

Underfull \hbox (badness 10000) in paragraph at lines 10075--10079

 []

Missing character: There is no ̆ (U+0306) in font PT Serif/OT:script=latn;langu
age=dflt;!

Underfull \hbox (badness 10000) in paragraph at lines 10084--10088

 []

Missing character: There is no ̆ (U+0306) in font PT Serif/OT:script=latn;langu
age=dflt;!

Underfull \hbox (badness 10000) in paragraph at lines 10093--10096

 []

Missing character: There is no ̆ (U+0306) in font PT Serif/OT:script=latn;langu
age=dflt;!
Missing character: There is no ̆ (U+0306) in font PT Serif/OT:script=latn;langu
age=dflt;!
Missing character: There is no ̆ (U+0306) in font PT Serif/OT:script=latn;langu
age=dflt;!
Missing character: There is no ̆ (U+0306) in font PT Serif/OT:script=latn;langu
age=dflt;!

Underfull \hbox (badness 10000) in paragraph at lines 10101--10104

 []

Missing character: There is no ̆ (U+0306) in font PT Serif/OT:script=latn;langu
age=dflt;!

Underfull \hbox (badness 10000) in paragraph at lines 10109--10113

 []

Missing character: There is no ̆ (U+0306) in font PT Serif/OT:script=latn;langu
age=dflt;!

Underfull \hbox (badness 10000) in paragraph at lines 10118--10122

 []

Missing character: There is no ̆ (U+0306) in font PT Serif/OT:script=latn;langu
age=dflt;!

Underfull \hbox (badness 10000) in paragraph at lines 10127--10130

 []


Package fancyhdr Warning: \footskip is too small (14.22636pt): 
(fancyhdr)                Make it at least 17.4pt, for example:
(fancyhdr)                \setlength{\footskip}{17.4pt}.

[273]
Missing character: There is no ̆ (U+0306) in font PT Serif/OT:script=latn;langu
age=dflt;!
Missing character: There is no ̆ (U+0306) in font PT Serif/OT:script=latn;langu
age=dflt;!
Missing character: There is no ̆ (U+0306) in font PT Serif/OT:script=latn;langu
age=dflt;!
Missing character: There is no ̆ (U+0306) in font PT Serif/OT:script=latn;langu
age=dflt;!

Underfull \hbox (badness 10000) in paragraph at lines 10135--10138

 []

Missing character: There is no ̆ (U+0306) in font PT Serif/OT:script=latn;langu
age=dflt;!
Missing character: There is no ̆ (U+0306) in font PT Serif/OT:script=latn;langu
age=dflt;!

Underfull \hbox (badness 10000) in paragraph at lines 10143--10147

 []


Underfull \hbox (badness 10000) in paragraph at lines 10152--10156

 []

Missing character: There is no ̆ (U+0306) in font PT Serif/OT:script=latn;langu
age=dflt;!

Underfull \hbox (badness 10000) in paragraph at lines 10161--10164

 []

Missing character: There is no ̆ (U+0306) in font PT Serif/OT:script=latn;langu
age=dflt;!
Missing character: There is no ̆ (U+0306) in font PT Serif/OT:script=latn;langu
age=dflt;!
Missing character: There is no ̆ (U+0306) in font PT Serif/OT:script=latn;langu
age=dflt;!
Missing character: There is no ̆ (U+0306) in font PT Serif/OT:script=latn;langu
age=dflt;!

Underfull \hbox (badness 10000) in paragraph at lines 10169--10172

 []


Package fancyhdr Warning: \footskip is too small (14.22636pt): 
(fancyhdr)                Make it at least 17.4pt, for example:
(fancyhdr)                \setlength{\footskip}{17.4pt}.

[274]
Underfull \hbox (badness 10000) in paragraph at lines 10185--10189

 []


Underfull \hbox (badness 10000) in paragraph at lines 10194--10198

 []


Underfull \hbox (badness 10000) in paragraph at lines 10203--10212

 []


Underfull \hbox (badness 10000) in paragraph at lines 10217--10221

 []


Underfull \hbox (badness 10000) in paragraph at lines 10226--10230

 []


Package fancyhdr Warning: \footskip is too small (14.22636pt): 
(fancyhdr)                Make it at least 17.4pt, for example:
(fancyhdr)                \setlength{\footskip}{17.4pt}.

[275]
Underfull \hbox (badness 10000) in paragraph at lines 10235--10244

 []


Underfull \hbox (badness 10000) in paragraph at lines 10249--10253

 []


Underfull \hbox (badness 10000) in paragraph at lines 10258--10262

 []


Underfull \hbox (badness 10000) in paragraph at lines 10267--10276

 []


Package fancyhdr Warning: \footskip is too small (14.22636pt): 
(fancyhdr)                Make it at least 17.4pt, for example:
(fancyhdr)                \setlength{\footskip}{17.4pt}.

[276]

Package fancyhdr Warning: \footskip is too small (14.22636pt): 
(fancyhdr)                Make it at least 17.4pt, for example:
(fancyhdr)                \setlength{\footskip}{17.4pt}.

[277] [278

]
Missing character: There is no ̈ (U+0308) in font PT Serif/OT:script=latn;langu
age=dflt;!
Missing character: There is no ̈ (U+0308) in font PT Serif/OT:script=latn;langu
age=dflt;!

Underfull \hbox (badness 10000) in paragraph at lines 10296--10300

 []

Missing character: There is no ̆ (U+0306) in font PT Serif/OT:script=latn;langu
age=dflt;!
Missing character: There is no ̈ (U+0308) in font PT Serif/OT:script=latn;langu
age=dflt;!

Underfull \hbox (badness 10000) in paragraph at lines 10305--10309

 []

Missing character: There is no ̈ (U+0308) in font PT Serif/OT:script=latn;langu
age=dflt;!

Underfull \hbox (badness 10000) in paragraph at lines 10314--10318

 []

Missing character: There is no ̆ (U+0306) in font PT Serif/OT:script=latn;langu
age=dflt;!
Missing character: There is no ̆ (U+0306) in font PT Serif/OT:script=latn;langu
age=dflt;!
Missing character: There is no ̈ (U+0308) in font PT Serif/OT:script=latn;langu
age=dflt;!
Missing character: There is no ̆ (U+0306) in font PT Serif/OT:script=latn;langu
age=dflt;!

Underfull \hbox (badness 10000) in paragraph at lines 10323--10327

 []

Missing character: There is no ̈ (U+0308) in font PT Serif/OT:script=latn;langu
age=dflt;!

Underfull \hbox (badness 10000) in paragraph at lines 10332--10336

 []

Missing character: There is no ̈ (U+0308) in font PT Serif Bold/OT:script=latn;
language=dflt;!

Underfull \hbox (badness 10000) in paragraph at lines 10341--10345

 []


Package fancyhdr Warning: \footskip is too small (14.22636pt): 
(fancyhdr)                Make it at least 17.4pt, for example:
(fancyhdr)                \setlength{\footskip}{17.4pt}.

[279]

Package fancyhdr Warning: \footskip is too small (14.22636pt): 
(fancyhdr)                Make it at least 17.4pt, for example:
(fancyhdr)                \setlength{\footskip}{17.4pt}.

[280]
Underfull \hbox (badness 10000) in paragraph at lines 10357--10361

 []


Underfull \hbox (badness 10000) in paragraph at lines 10366--10370

 []


Underfull \hbox (badness 10000) in paragraph at lines 10375--10379

 []


Underfull \hbox (badness 10000) in paragraph at lines 10384--10388

 []


Underfull \hbox (badness 10000) in paragraph at lines 10393--10397

 []


Underfull \hbox (badness 10000) in paragraph at lines 10402--10406

 []


Package fancyhdr Warning: \footskip is too small (14.22636pt): 
(fancyhdr)                Make it at least 17.4pt, for example:
(fancyhdr)                \setlength{\footskip}{17.4pt}.

[281]
Underfull \hbox (badness 10000) in paragraph at lines 10411--10415

 []


Underfull \hbox (badness 10000) in paragraph at lines 10420--10424

 []


Underfull \hbox (badness 10000) in paragraph at lines 10429--10433

 []


Underfull \hbox (badness 10000) in paragraph at lines 10438--10442

 []


Package fancyhdr Warning: \footskip is too small (14.22636pt): 
(fancyhdr)                Make it at least 17.4pt, for example:
(fancyhdr)                \setlength{\footskip}{17.4pt}.

[282]
Underfull \hbox (badness 10000) in paragraph at lines 10452--10456

 []


Underfull \hbox (badness 10000) in paragraph at lines 10461--10465

 []


Underfull \hbox (badness 10000) in paragraph at lines 10470--10474

 []


Underfull \hbox (badness 10000) in paragraph at lines 10479--10483

 []


Underfull \hbox (badness 10000) in paragraph at lines 10488--10492

 []


Underfull \hbox (badness 10000) in paragraph at lines 10497--10501

 []


Package fancyhdr Warning: \footskip is too small (14.22636pt): 
(fancyhdr)                Make it at least 17.4pt, for example:
(fancyhdr)                \setlength{\footskip}{17.4pt}.

[283]
Underfull \hbox (badness 10000) in paragraph at lines 10506--10510

 []


Underfull \hbox (badness 10000) in paragraph at lines 10515--10519

 []


Underfull \hbox (badness 10000) in paragraph at lines 10524--10528

 []


Underfull \hbox (badness 10000) in paragraph at lines 10533--10537

 []


Underfull \hbox (badness 10000) in paragraph at lines 10542--10546

 []


Underfull \hbox (badness 10000) in paragraph at lines 10551--10555

 []


Package fancyhdr Warning: \footskip is too small (14.22636pt): 
(fancyhdr)                Make it at least 17.4pt, for example:
(fancyhdr)                \setlength{\footskip}{17.4pt}.

[284]

Package fancyhdr Warning: \footskip is too small (14.22636pt): 
(fancyhdr)                Make it at least 17.4pt, for example:
(fancyhdr)                \setlength{\footskip}{17.4pt}.

[285]
Underfull \hbox (badness 10000) in paragraph at lines 10567--10571

 []


Underfull \hbox (badness 10000) in paragraph at lines 10576--10584

 []


Underfull \hbox (badness 10000) in paragraph at lines 10589--10593

 []


Underfull \hbox (badness 10000) in paragraph at lines 10598--10606

 []


Underfull \hbox (badness 10000) in paragraph at lines 10611--10615

 []


Package fancyhdr Warning: \footskip is too small (14.22636pt): 
(fancyhdr)                Make it at least 17.4pt, for example:
(fancyhdr)                \setlength{\footskip}{17.4pt}.

[286]
Underfull \hbox (badness 10000) in paragraph at lines 10620--10628

 []


Package fancyhdr Warning: \footskip is too small (14.22636pt): 
(fancyhdr)                Make it at least 17.4pt, for example:
(fancyhdr)                \setlength{\footskip}{17.4pt}.

[287]
Underfull \hbox (badness 10000) in paragraph at lines 10641--10649

 []


Underfull \hbox (badness 10000) in paragraph at lines 10654--10658

 []


Underfull \hbox (badness 10000) in paragraph at lines 10663--10671

 []


Underfull \hbox (badness 10000) in paragraph at lines 10676--10680

 []


Package fancyhdr Warning: \footskip is too small (14.22636pt): 
(fancyhdr)                Make it at least 17.4pt, for example:
(fancyhdr)                \setlength{\footskip}{17.4pt}.

[288]
Underfull \hbox (badness 10000) in paragraph at lines 10693--10697

 []


Underfull \hbox (badness 10000) in paragraph at lines 10702--10706

 []


Underfull \hbox (badness 10000) in paragraph at lines 10711--10719

 []


Underfull \hbox (badness 10000) in paragraph at lines 10724--10728

 []


Underfull \hbox (badness 10000) in paragraph at lines 10733--10737

 []


Package fancyhdr Warning: \footskip is too small (14.22636pt): 
(fancyhdr)                Make it at least 17.4pt, for example:
(fancyhdr)                \setlength{\footskip}{17.4pt}.

[289]
Underfull \hbox (badness 10000) in paragraph at lines 10742--10750

 []


Underfull \hbox (badness 10000) in paragraph at lines 10755--10759

 []


Underfull \hbox (badness 10000) in paragraph at lines 10764--10768

 []


Underfull \hbox (badness 10000) in paragraph at lines 10773--10781

 []


Package fancyhdr Warning: \footskip is too small (14.22636pt): 
(fancyhdr)                Make it at least 17.4pt, for example:
(fancyhdr)                \setlength{\footskip}{17.4pt}.

[290]

Package fancyhdr Warning: \footskip is too small (14.22636pt): 
(fancyhdr)                Make it at least 17.4pt, for example:
(fancyhdr)                \setlength{\footskip}{17.4pt}.

[291]
Underfull \hbox (badness 10000) in paragraph at lines 10793--10797

 []


Underfull \hbox (badness 10000) in paragraph at lines 10802--10806

 []


Underfull \hbox (badness 10000) in paragraph at lines 10811--10815

 []


Underfull \hbox (badness 10000) in paragraph at lines 10820--10824

 []


Package fancyhdr Warning: \footskip is too small (14.22636pt): 
(fancyhdr)                Make it at least 17.4pt, for example:
(fancyhdr)                \setlength{\footskip}{17.4pt}.

[292]
Underfull \hbox (badness 10000) in paragraph at lines 10837--10841

 []


Underfull \hbox (badness 10000) in paragraph at lines 10846--10850

 []


Underfull \hbox (badness 10000) in paragraph at lines 10855--10859

 []


Underfull \hbox (badness 10000) in paragraph at lines 10864--10868

 []


Package fancyhdr Warning: \footskip is too small (14.22636pt): 
(fancyhdr)                Make it at least 17.4pt, for example:
(fancyhdr)                \setlength{\footskip}{17.4pt}.

[293]
Underfull \hbox (badness 10000) in paragraph at lines 10878--10880

 []


Underfull \hbox (badness 10000) in paragraph at lines 10885--10887

 []


Underfull \hbox (badness 10000) in paragraph at lines 10892--10894

 []


Underfull \hbox (badness 10000) in paragraph at lines 10899--10901

 []


Underfull \hbox (badness 10000) in paragraph at lines 10906--10908

 []


Package fancyhdr Warning: \footskip is too small (14.22636pt): 
(fancyhdr)                Make it at least 17.4pt, for example:
(fancyhdr)                \setlength{\footskip}{17.4pt}.

[294]
Missing character: There is no ̆ (U+0306) in font PT Serif/OT:script=latn;langu
age=dflt;!
Missing character: There is no ̆ (U+0306) in font PT Serif/OT:script=latn;langu
age=dflt;!

Underfull \hbox (badness 10000) in paragraph at lines 10918--10922

 []


Underfull \hbox (badness 10000) in paragraph at lines 10927--10931

 []

Missing character: There is no ̆ (U+0306) in font PT Serif/OT:script=latn;langu
age=dflt;!
Missing character: There is no ̈ (U+0308) in font PT Serif/OT:script=latn;langu
age=dflt;!

Underfull \hbox (badness 10000) in paragraph at lines 10936--10940

 []


Underfull \hbox (badness 10000) in paragraph at lines 10945--10949

 []

Missing character: There is no ̈ (U+0308) in font PT Serif/OT:script=latn;langu
age=dflt;!
Missing character: There is no ̆ (U+0306) in font PT Serif/OT:script=latn;langu
age=dflt;!

Underfull \hbox (badness 10000) in paragraph at lines 10954--10958

 []


Underfull \hbox (badness 10000) in paragraph at lines 10963--10967

 []


Package fancyhdr Warning: \footskip is too small (14.22636pt): 
(fancyhdr)                Make it at least 17.4pt, for example:
(fancyhdr)                \setlength{\footskip}{17.4pt}.

[295]

Package fancyhdr Warning: \footskip is too small (14.22636pt): 
(fancyhdr)                Make it at least 17.4pt, for example:
(fancyhdr)                \setlength{\footskip}{17.4pt}.

[296]
Missing character: There is no ̆ (U+0306) in font PT Serif/OT:script=latn;langu
age=dflt;!
Missing character: There is no ̈ (U+0308) in font PT Serif/OT:script=latn;langu
age=dflt;!
Missing character: There is no ̆ (U+0306) in font PT Serif/OT:script=latn;langu
age=dflt;!
Missing character: There is no ̈ (U+0308) in font PT Serif/OT:script=latn;langu
age=dflt;!
Missing character: There is no ̆ (U+0306) in font PT Serif/OT:script=latn;langu
age=dflt;!
Missing character: There is no ̈ (U+0308) in font PT Serif/OT:script=latn;langu
age=dflt;!
Missing character: There is no ̈ (U+0308) in font PT Serif Bold/OT:script=latn;
language=dflt;!

Underfull \hbox (badness 10000) in paragraph at lines 10979--10984

 []

Missing character: There is no ̈ (U+0308) in font PT Serif/OT:script=latn;langu
age=dflt;!

Underfull \hbox (badness 10000) in paragraph at lines 10989--10993

 []

Missing character: There is no ̈ (U+0308) in font PT Serif Bold/OT:script=latn;
language=dflt;!

Underfull \hbox (badness 10000) in paragraph at lines 10998--11002

 []


Package fancyhdr Warning: \footskip is too small (14.22636pt): 
(fancyhdr)                Make it at least 17.4pt, for example:
(fancyhdr)                \setlength{\footskip}{17.4pt}.

[297]
Missing character: There is no ̆ (U+0306) in font PT Serif/OT:script=latn;langu
age=dflt;!
Missing character: There is no ̆ (U+0306) in font PT Serif/OT:script=latn;langu
age=dflt;!
Missing character: There is no ̆ (U+0306) in font PT Serif/OT:script=latn;langu
age=dflt;!
Missing character: There is no ̆ (U+0306) in font PT Serif/OT:script=latn;langu
age=dflt;!
Missing character: There is no ̆ (U+0306) in font PT Serif/OT:script=latn;langu
age=dflt;!
Missing character: There is no ̆ (U+0306) in font PT Serif/OT:script=latn;langu
age=dflt;!

Underfull \hbox (badness 10000) in paragraph at lines 11014--11020

 []

Missing character: There is no ̆ (U+0306) in font PT Serif/OT:script=latn;langu
age=dflt;!
Missing character: There is no ̆ (U+0306) in font PT Serif/OT:script=latn;langu
age=dflt;!
Missing character: There is no ̆ (U+0306) in font PT Serif/OT:script=latn;langu
age=dflt;!
Missing character: There is no ̆ (U+0306) in font PT Serif/OT:script=latn;langu
age=dflt;!
Missing character: There is no ̆ (U+0306) in font PT Serif/OT:script=latn;langu
age=dflt;!

Underfull \hbox (badness 10000) in paragraph at lines 11025--11031

 []


Underfull \hbox (badness 10000) in paragraph at lines 11036--11038

 []


Underfull \hbox (badness 10000) in paragraph at lines 11043--11045

 []


Underfull \hbox (badness 10000) in paragraph at lines 11050--11053

 []

Missing character: There is no ̆ (U+0306) in font PT Serif/OT:script=latn;langu
age=dflt;!
Missing character: There is no ̆ (U+0306) in font PT Serif/OT:script=latn;langu
age=dflt;!
Missing character: There is no ̆ (U+0306) in font PT Serif/OT:script=latn;langu
age=dflt;!
Missing character: There is no ̆ (U+0306) in font PT Serif/OT:script=latn;langu
age=dflt;!
Missing character: There is no ̆ (U+0306) in font PT Serif/OT:script=latn;langu
age=dflt;!

Underfull \hbox (badness 10000) in paragraph at lines 11058--11064

 []


Package fancyhdr Warning: \footskip is too small (14.22636pt): 
(fancyhdr)                Make it at least 17.4pt, for example:
(fancyhdr)                \setlength{\footskip}{17.4pt}.

[298]

Package fancyhdr Warning: \footskip is too small (14.22636pt): 
(fancyhdr)                Make it at least 17.4pt, for example:
(fancyhdr)                \setlength{\footskip}{17.4pt}.

[299]
Underfull \hbox (badness 10000) in paragraph at lines 11077--11081

 []


Underfull \hbox (badness 10000) in paragraph at lines 11086--11090

 []


Underfull \hbox (badness 10000) in paragraph at lines 11095--11099

 []


Underfull \hbox (badness 10000) in paragraph at lines 11104--11108

 []


Underfull \hbox (badness 10000) in paragraph at lines 11113--11117

 []


Underfull \hbox (badness 10000) in paragraph at lines 11122--11126

 []


Package fancyhdr Warning: \footskip is too small (14.22636pt): 
(fancyhdr)                Make it at least 17.4pt, for example:
(fancyhdr)                \setlength{\footskip}{17.4pt}.

[300]
Underfull \hbox (badness 10000) in paragraph at lines 11131--11135

 []


Underfull \hbox (badness 10000) in paragraph at lines 11140--11144

 []


Package fancyhdr Warning: \footskip is too small (14.22636pt): 
(fancyhdr)                Make it at least 17.4pt, for example:
(fancyhdr)                \setlength{\footskip}{17.4pt}.

[301]
Underfull \hbox (badness 10000) in paragraph at lines 11156--11160

 []


Underfull \hbox (badness 10000) in paragraph at lines 11165--11169

 []


Underfull \hbox (badness 10000) in paragraph at lines 11174--11177

 []


Underfull \hbox (badness 10000) in paragraph at lines 11182--11184

 []


Underfull \hbox (badness 10000) in paragraph at lines 11189--11193

 []


Underfull \hbox (badness 10000) in paragraph at lines 11198--11202

 []


Underfull \hbox (badness 10000) in paragraph at lines 11207--11210

 []


Package fancyhdr Warning: \footskip is too small (14.22636pt): 
(fancyhdr)                Make it at least 17.4pt, for example:
(fancyhdr)                \setlength{\footskip}{17.4pt}.

[302]
Underfull \hbox (badness 10000) in paragraph at lines 11215--11217

 []


Underfull \hbox (badness 10000) in paragraph at lines 11222--11226

 []


Underfull \hbox (badness 10000) in paragraph at lines 11231--11235

 []


Underfull \hbox (badness 10000) in paragraph at lines 11240--11243

 []


Underfull \hbox (badness 10000) in paragraph at lines 11248--11250

 []


Underfull \hbox (badness 10000) in paragraph at lines 11255--11259

 []


Package fancyhdr Warning: \footskip is too small (14.22636pt): 
(fancyhdr)                Make it at least 17.4pt, for example:
(fancyhdr)                \setlength{\footskip}{17.4pt}.

[303] [304

]
Missing character: There is no ̆ (U+0306) in font PT Serif/OT:script=latn;langu
age=dflt;!

Underfull \hbox (badness 10000) in paragraph at lines 11276--11280

 []

Missing character: There is no ̆ (U+0306) in font PT Serif/OT:script=latn;langu
age=dflt;!
Missing character: There is no ̆ (U+0306) in font PT Serif/OT:script=latn;langu
age=dflt;!
Missing character: There is no ̆ (U+0306) in font PT Serif/OT:script=latn;langu
age=dflt;!
Missing character: There is no ̆ (U+0306) in font PT Serif/OT:script=latn;langu
age=dflt;!

Underfull \hbox (badness 10000) in paragraph at lines 11285--11289

 []

Missing character: There is no ̆ (U+0306) in font PT Serif/OT:script=latn;langu
age=dflt;!

Underfull \hbox (badness 10000) in paragraph at lines 11294--11296

 []

Missing character: There is no ̆ (U+0306) in font PT Serif/OT:script=latn;langu
age=dflt;!

Underfull \hbox (badness 10000) in paragraph at lines 11301--11303

 []

Missing character: There is no ̆ (U+0306) in font PT Serif/OT:script=latn;langu
age=dflt;!

Underfull \hbox (badness 10000) in paragraph at lines 11308--11310

 []


Underfull \hbox (badness 10000) in paragraph at lines 11315--11317

 []

Missing character: There is no ̈ (U+0308) in font PT Serif/OT:script=latn;langu
age=dflt;!
Missing character: There is no ̈ (U+0308) in font PT Serif/OT:script=latn;langu
age=dflt;!
Missing character: There is no ̆ (U+0306) in font PT Serif/OT:script=latn;langu
age=dflt;!
Missing character: There is no ̈ (U+0308) in font PT Serif/OT:script=latn;langu
age=dflt;!
Missing character: There is no ̆ (U+0306) in font PT Serif/OT:script=latn;langu
age=dflt;!
Missing character: There is no ̈ (U+0308) in font PT Serif/OT:script=latn;langu
age=dflt;!
Missing character: There is no ̈ (U+0308) in font PT Serif/OT:script=latn;langu
age=dflt;!

Underfull \hbox (badness 10000) in paragraph at lines 11322--11326

 []

Missing character: There is no ̈ (U+0308) in font PT Serif/OT:script=latn;langu
age=dflt;!
Missing character: There is no ̈ (U+0308) in font PT Serif/OT:script=latn;langu
age=dflt;!

Underfull \hbox (badness 10000) in paragraph at lines 11331--11335

 []


Package fancyhdr Warning: \footskip is too small (14.22636pt): 
(fancyhdr)                Make it at least 17.4pt, for example:
(fancyhdr)                \setlength{\footskip}{17.4pt}.

[305]
Missing character: There is no ̆ (U+0306) in font PT Serif/OT:script=latn;langu
age=dflt;!

Underfull \hbox (badness 10000) in paragraph at lines 11340--11344

 []

Missing character: There is no ̆ (U+0306) in font PT Serif/OT:script=latn;langu
age=dflt;!
Missing character: There is no ̆ (U+0306) in font PT Serif/OT:script=latn;langu
age=dflt;!
Missing character: There is no ̆ (U+0306) in font PT Serif/OT:script=latn;langu
age=dflt;!
Missing character: There is no ̆ (U+0306) in font PT Serif/OT:script=latn;langu
age=dflt;!

Underfull \hbox (badness 10000) in paragraph at lines 11349--11353

 []


Package fancyhdr Warning: \footskip is too small (14.22636pt): 
(fancyhdr)                Make it at least 17.4pt, for example:
(fancyhdr)                \setlength{\footskip}{17.4pt}.

[306]
Missing character: There is no ̆ (U+0306) in font PT Serif Bold/OT:script=latn;
language=dflt;!
Missing character: There is no ̆ (U+0306) in font PT Serif Bold/OT:script=latn;
language=dflt;!

Underfull \hbox (badness 10000) in paragraph at lines 11363--11367

 []


Underfull \hbox (badness 10000) in paragraph at lines 11372--11376

 []

Missing character: There is no ̆ (U+0306) in font PT Serif Bold/OT:script=latn;
language=dflt;!

Underfull \hbox (badness 10000) in paragraph at lines 11381--11385

 []


Underfull \hbox (badness 10000) in paragraph at lines 11390--11394

 []

Missing character: There is no ̆ (U+0306) in font PT Serif Bold/OT:script=latn;
language=dflt;!

Underfull \hbox (badness 10000) in paragraph at lines 11399--11403

 []


Package fancyhdr Warning: \footskip is too small (14.22636pt): 
(fancyhdr)                Make it at least 17.4pt, for example:
(fancyhdr)                \setlength{\footskip}{17.4pt}.

[307]
Underfull \hbox (badness 10000) in paragraph at lines 11413--11417

 []


Underfull \hbox (badness 10000) in paragraph at lines 11422--11426

 []

Missing character: There is no ̆ (U+0306) in font PT Serif/OT:script=latn;langu
age=dflt;!
Missing character: There is no ̈ (U+0308) in font PT Serif/OT:script=latn;langu
age=dflt;!
Missing character: There is no ̆ (U+0306) in font PT Serif/OT:script=latn;langu
age=dflt;!
Missing character: There is no ̈ (U+0308) in font PT Serif/OT:script=latn;langu
age=dflt;!

Underfull \hbox (badness 10000) in paragraph at lines 11431--11435

 []

Missing character: There is no ̆ (U+0306) in font PT Serif/OT:script=latn;langu
age=dflt;!
Missing character: There is no ̆ (U+0306) in font PT Serif/OT:script=latn;langu
age=dflt;!

Underfull \hbox (badness 10000) in paragraph at lines 11440--11444

 []

Missing character: There is no ̆ (U+0306) in font PT Serif/OT:script=latn;langu
age=dflt;!
Missing character: There is no ̆ (U+0306) in font PT Serif/OT:script=latn;langu
age=dflt;!

Underfull \hbox (badness 10000) in paragraph at lines 11449--11453

 []

Missing character: There is no ̆ (U+0306) in font PT Serif/OT:script=latn;langu
age=dflt;!
Missing character: There is no ̆ (U+0306) in font PT Serif/OT:script=latn;langu
age=dflt;!

Underfull \hbox (badness 10000) in paragraph at lines 11458--11462

 []


Package fancyhdr Warning: \footskip is too small (14.22636pt): 
(fancyhdr)                Make it at least 17.4pt, for example:
(fancyhdr)                \setlength{\footskip}{17.4pt}.

[308]
Missing character: There is no ̆ (U+0306) in font PT Serif/OT:script=latn;langu
age=dflt;!
Missing character: There is no ̆ (U+0306) in font PT Serif/OT:script=latn;langu
age=dflt;!

Underfull \hbox (badness 10000) in paragraph at lines 11467--11471

 []


Underfull \hbox (badness 10000) in paragraph at lines 11476--11480

 []


Package fancyhdr Warning: \footskip is too small (14.22636pt): 
(fancyhdr)                Make it at least 17.4pt, for example:
(fancyhdr)                \setlength{\footskip}{17.4pt}.

[309]
Missing character: There is no ̈ (U+0308) in font PT Serif Bold/OT:script=latn;
language=dflt;!

Underfull \hbox (badness 10000) in paragraph at lines 11490--11494

 []

Missing character: There is no ̆ (U+0306) in font PT Serif Bold/OT:script=latn;
language=dflt;!

Underfull \hbox (badness 10000) in paragraph at lines 11499--11503

 []

Missing character: There is no ̆ (U+0306) in font PT Serif/OT:script=latn;langu
age=dflt;!

Underfull \hbox (badness 10000) in paragraph at lines 11508--11512

 []

Missing character: There is no ̆ (U+0306) in font PT Serif/OT:script=latn;langu
age=dflt;!

Underfull \hbox (badness 10000) in paragraph at lines 11517--11521

 []

Missing character: There is no ̆ (U+0306) in font PT Serif/OT:script=latn;langu
age=dflt;!
Missing character: There is no ̆ (U+0306) in font PT Serif/OT:script=latn;langu
age=dflt;!
Missing character: There is no ̆ (U+0306) in font PT Serif Bold/OT:script=latn;
language=dflt;!
Missing character: There is no ̆ (U+0306) in font PT Serif Bold/OT:script=latn;
language=dflt;!

Underfull \hbox (badness 10000) in paragraph at lines 11526--11530

 []

Missing character: There is no ̈ (U+0308) in font PT Serif Bold/OT:script=latn;
language=dflt;!

Underfull \hbox (badness 10000) in paragraph at lines 11535--11539

 []


Package fancyhdr Warning: \footskip is too small (14.22636pt): 
(fancyhdr)                Make it at least 17.4pt, for example:
(fancyhdr)                \setlength{\footskip}{17.4pt}.

[310]

Package fancyhdr Warning: \footskip is too small (14.22636pt): 
(fancyhdr)                Make it at least 17.4pt, for example:
(fancyhdr)                \setlength{\footskip}{17.4pt}.

[311]
Missing character: There is no ̈ (U+0308) in font PT Serif/OT:script=latn;langu
age=dflt;!
Missing character: There is no ̆ (U+0306) in font PT Serif/OT:script=latn;langu
age=dflt;!
Missing character: There is no ̆ (U+0306) in font PT Serif/OT:script=latn;langu
age=dflt;!
Missing character: There is no ̆ (U+0306) in font PT Serif/OT:script=latn;langu
age=dflt;!
Missing character: There is no ̆ (U+0306) in font PT Serif/OT:script=latn;langu
age=dflt;!

Underfull \hbox (badness 10000) in paragraph at lines 11551--11555

 []

Missing character: There is no ̆ (U+0306) in font PT Serif Bold/OT:script=latn;
language=dflt;!

Underfull \hbox (badness 10000) in paragraph at lines 11560--11564

 []

Missing character: There is no ̆ (U+0306) in font PT Serif/OT:script=latn;langu
age=dflt;!
Missing character: There is no ̆ (U+0306) in font PT Serif/OT:script=latn;langu
age=dflt;!
Missing character: There is no ̆ (U+0306) in font PT Serif/OT:script=latn;langu
age=dflt;!
Missing character: There is no ̆ (U+0306) in font PT Serif/OT:script=latn;langu
age=dflt;!

Underfull \hbox (badness 10000) in paragraph at lines 11569--11573

 []

Missing character: There is no ̆ (U+0306) in font PT Serif Bold/OT:script=latn;
language=dflt;!

Underfull \hbox (badness 10000) in paragraph at lines 11578--11582

 []

Missing character: There is no ̆ (U+0306) in font PT Serif/OT:script=latn;langu
age=dflt;!
Missing character: There is no ̆ (U+0306) in font PT Serif/OT:script=latn;langu
age=dflt;!
Missing character: There is no ̆ (U+0306) in font PT Serif/OT:script=latn;langu
age=dflt;!
Missing character: There is no ̆ (U+0306) in font PT Serif/OT:script=latn;langu
age=dflt;!

Underfull \hbox (badness 10000) in paragraph at lines 11587--11591

 []

Missing character: There is no ̆ (U+0306) in font PT Serif Bold/OT:script=latn;
language=dflt;!

Underfull \hbox (badness 10000) in paragraph at lines 11596--11600

 []


Package fancyhdr Warning: \footskip is too small (14.22636pt): 
(fancyhdr)                Make it at least 17.4pt, for example:
(fancyhdr)                \setlength{\footskip}{17.4pt}.

[312]
Missing character: There is no ̆ (U+0306) in font PT Serif/OT:script=latn;langu
age=dflt;!
Missing character: There is no ̆ (U+0306) in font PT Serif/OT:script=latn;langu
age=dflt;!
Missing character: There is no ̆ (U+0306) in font PT Serif/OT:script=latn;langu
age=dflt;!

Underfull \hbox (badness 10000) in paragraph at lines 11605--11609

 []

Missing character: There is no ̆ (U+0306) in font PT Serif Bold/OT:script=latn;
language=dflt;!

Underfull \hbox (badness 10000) in paragraph at lines 11614--11618

 []


Package fancyhdr Warning: \footskip is too small (14.22636pt): 
(fancyhdr)                Make it at least 17.4pt, for example:
(fancyhdr)                \setlength{\footskip}{17.4pt}.

[313]
Missing character: There is no ̈ (U+0308) in font PT Serif/OT:script=latn;langu
age=dflt;!
Missing character: There is no ̈ (U+0308) in font PT Serif Bold/OT:script=latn;
language=dflt;!

Underfull \hbox (badness 10000) in paragraph at lines 11629--11633

 []


Underfull \hbox (badness 10000) in paragraph at lines 11638--11642

 []

Missing character: There is no ̈ (U+0308) in font PT Serif Bold/OT:script=latn;
language=dflt;!

Underfull \hbox (badness 10000) in paragraph at lines 11647--11651

 []

Missing character: There is no ̈ (U+0308) in font PT Serif/OT:script=latn;langu
age=dflt;!
Missing character: There is no ̈ (U+0308) in font PT Serif Bold/OT:script=latn;
language=dflt;!

Underfull \hbox (badness 10000) in paragraph at lines 11656--11660

 []


Package fancyhdr Warning: \footskip is too small (14.22636pt): 
(fancyhdr)                Make it at least 17.4pt, for example:
(fancyhdr)                \setlength{\footskip}{17.4pt}.

[314]
Underfull \hbox (badness 10000) in paragraph at lines 11670--11674

 []

Missing character: There is no ̆ (U+0306) in font PT Serif/OT:script=latn;langu
age=dflt;!
Missing character: There is no ̆ (U+0306) in font PT Serif Bold/OT:script=latn;
language=dflt;!

Underfull \hbox (badness 10000) in paragraph at lines 11679--11683

 []

Missing character: There is no ̆ (U+0306) in font PT Serif/OT:script=latn;langu
age=dflt;!
Missing character: There is no ̆ (U+0306) in font PT Serif/OT:script=latn;langu
age=dflt;!
Missing character: There is no ̆ (U+0306) in font PT Serif Bold/OT:script=latn;
language=dflt;!

Underfull \hbox (badness 10000) in paragraph at lines 11688--11692

 []

Missing character: There is no ̆ (U+0306) in font PT Serif/OT:script=latn;langu
age=dflt;!
Missing character: There is no ̆ (U+0306) in font PT Serif Bold/OT:script=latn;
language=dflt;!

Underfull \hbox (badness 10000) in paragraph at lines 11697--11701

 []


Underfull \hbox (badness 10000) in paragraph at lines 11706--11710

 []


Underfull \hbox (badness 10000) in paragraph at lines 11715--11719

 []


Package fancyhdr Warning: \footskip is too small (14.22636pt): 
(fancyhdr)                Make it at least 17.4pt, for example:
(fancyhdr)                \setlength{\footskip}{17.4pt}.

[315]
Underfull \hbox (badness 10000) in paragraph at lines 11724--11728

 []


Package fancyhdr Warning: \footskip is too small (14.22636pt): 
(fancyhdr)                Make it at least 17.4pt, for example:
(fancyhdr)                \setlength{\footskip}{17.4pt}.

[316]
Missing character: There is no ̆ (U+0306) in font PT Serif/OT:script=latn;langu
age=dflt;!
Missing character: There is no ̆ (U+0306) in font PT Serif/OT:script=latn;langu
age=dflt;!
Missing character: There is no ̆ (U+0306) in font PT Serif/OT:script=latn;langu
age=dflt;!
Missing character: There is no ̆ (U+0306) in font PT Serif/OT:script=latn;langu
age=dflt;!

Underfull \hbox (badness 10000) in paragraph at lines 11741--11747

 []

Missing character: There is no ̆ (U+0306) in font PT Serif Bold/OT:script=latn;
language=dflt;!
Missing character: There is no ̈ (U+0308) in font PT Serif Bold/OT:script=latn;
language=dflt;!
Missing character: There is no ̈ (U+0308) in font PT Serif Bold/OT:script=latn;
language=dflt;!

Underfull \hbox (badness 10000) in paragraph at lines 11752--11758

 []

Missing character: There is no ̆ (U+0306) in font PT Serif/OT:script=latn;langu
age=dflt;!
Missing character: There is no ̆ (U+0306) in font PT Serif/OT:script=latn;langu
age=dflt;!
Missing character: There is no ̆ (U+0306) in font PT Serif/OT:script=latn;langu
age=dflt;!
Missing character: There is no ̆ (U+0306) in font PT Serif/OT:script=latn;langu
age=dflt;!

Underfull \hbox (badness 10000) in paragraph at lines 11763--11768

 []

Missing character: There is no ̆ (U+0306) in font PT Serif Bold/OT:script=latn;
language=dflt;!
Missing character: There is no ̈ (U+0308) in font PT Serif Bold/OT:script=latn;
language=dflt;!
Missing character: There is no ̈ (U+0308) in font PT Serif Bold/OT:script=latn;
language=dflt;!

Underfull \hbox (badness 10000) in paragraph at lines 11773--11779

 []

Missing character: There is no ̆ (U+0306) in font PT Serif/OT:script=latn;langu
age=dflt;!
Missing character: There is no ̆ (U+0306) in font PT Serif/OT:script=latn;langu
age=dflt;!
Missing character: There is no ̆ (U+0306) in font PT Serif/OT:script=latn;langu
age=dflt;!
Missing character: There is no ̆ (U+0306) in font PT Serif/OT:script=latn;langu
age=dflt;!

Underfull \hbox (badness 10000) in paragraph at lines 11784--11790

 []


Package fancyhdr Warning: \footskip is too small (14.22636pt): 
(fancyhdr)                Make it at least 17.4pt, for example:
(fancyhdr)                \setlength{\footskip}{17.4pt}.

[317]
Missing character: There is no ̆ (U+0306) in font PT Serif Bold/OT:script=latn;
language=dflt;!
Missing character: There is no ̈ (U+0308) in font PT Serif Bold/OT:script=latn;
language=dflt;!
Missing character: There is no ̈ (U+0308) in font PT Serif Bold/OT:script=latn;
language=dflt;!

Underfull \hbox (badness 10000) in paragraph at lines 11795--11801

 []


Package fancyhdr Warning: \footskip is too small (14.22636pt): 
(fancyhdr)                Make it at least 17.4pt, for example:
(fancyhdr)                \setlength{\footskip}{17.4pt}.

[318]
Missing character: There is no ̆ (U+0306) in font PT Serif Bold/OT:script=latn;
language=dflt;!
Missing character: There is no ̆ (U+0306) in font PT Serif/OT:script=latn;langu
age=dflt;!
Missing character: There is no ̆ (U+0306) in font PT Serif/OT:script=latn;langu
age=dflt;!

Underfull \hbox (badness 10000) in paragraph at lines 11811--11815

 []

Missing character: There is no ̆ (U+0306) in font PT Serif/OT:script=latn;langu
age=dflt;!
Missing character: There is no ̈ (U+0308) in font PT Serif/OT:script=latn;langu
age=dflt;!
Missing character: There is no ̆ (U+0306) in font PT Serif Bold/OT:script=latn;
language=dflt;!

Underfull \hbox (badness 10000) in paragraph at lines 11820--11824

 []

Missing character: There is no ̆ (U+0306) in font PT Serif/OT:script=latn;langu
age=dflt;!

Underfull \hbox (badness 10000) in paragraph at lines 11829--11833

 []

Missing character: There is no ̆ (U+0306) in font PT Serif/OT:script=latn;langu
age=dflt;!
Missing character: There is no ̆ (U+0306) in font PT Serif/OT:script=latn;langu
age=dflt;!
Missing character: There is no ̆ (U+0306) in font PT Serif/OT:script=latn;langu
age=dflt;!
Missing character: There is no ̆ (U+0306) in font PT Serif Bold/OT:script=latn;
language=dflt;!
Missing character: There is no ̆ (U+0306) in font PT Serif Bold/OT:script=latn;
language=dflt;!

Underfull \hbox (badness 10000) in paragraph at lines 11838--11842

 []

Missing character: There is no ̆ (U+0306) in font PT Serif/OT:script=latn;langu
age=dflt;!
Missing character: There is no ̆ (U+0306) in font PT Serif/OT:script=latn;langu
age=dflt;!

Underfull \hbox (badness 10000) in paragraph at lines 11847--11851

 []

Missing character: There is no ̆ (U+0306) in font PT Serif/OT:script=latn;langu
age=dflt;!

Underfull \hbox (badness 10000) in paragraph at lines 11856--11860

 []


Package fancyhdr Warning: \footskip is too small (14.22636pt): 
(fancyhdr)                Make it at least 17.4pt, for example:
(fancyhdr)                \setlength{\footskip}{17.4pt}.

[319]
Missing character: There is no ̆ (U+0306) in font PT Serif/OT:script=latn;langu
age=dflt;!
Missing character: There is no ̆ (U+0306) in font PT Serif/OT:script=latn;langu
age=dflt;!

Underfull \hbox (badness 10000) in paragraph at lines 11865--11869

 []


Package fancyhdr Warning: \footskip is too small (14.22636pt): 
(fancyhdr)                Make it at least 17.4pt, for example:
(fancyhdr)                \setlength{\footskip}{17.4pt}.

[320]
Missing character: There is no ̆ (U+0306) in font PT Serif Bold/OT:script=latn;
language=dflt;!
Missing character: There is no ̈ (U+0308) in font PT Serif Bold/OT:script=latn;
language=dflt;!
Missing character: There is no ̆ (U+0306) in font PT Serif/OT:script=latn;langu
age=dflt;!
Missing character: There is no ̆ (U+0306) in font PT Serif/OT:script=latn;langu
age=dflt;!

Underfull \hbox (badness 10000) in paragraph at lines 11879--11883

 []

Missing character: There is no ̆ (U+0306) in font PT Serif/OT:script=latn;langu
age=dflt;!
Missing character: There is no ̆ (U+0306) in font PT Serif/OT:script=latn;langu
age=dflt;!
Missing character: There is no ̆ (U+0306) in font PT Serif/OT:script=latn;langu
age=dflt;!

Underfull \hbox (badness 10000) in paragraph at lines 11888--11892

 []

Missing character: There is no ̈ (U+0308) in font PT Serif/OT:script=latn;langu
age=dflt;!
Missing character: There is no ̆ (U+0306) in font PT Serif/OT:script=latn;langu
age=dflt;!
Missing character: There is no ̆ (U+0306) in font PT Serif/OT:script=latn;langu
age=dflt;!
Missing character: There is no ̆ (U+0306) in font PT Serif/OT:script=latn;langu
age=dflt;!
Missing character: There is no ̆ (U+0306) in font PT Serif/OT:script=latn;langu
age=dflt;!
Missing character: There is no ̆ (U+0306) in font PT Serif Bold/OT:script=latn;
language=dflt;!

Underfull \hbox (badness 10000) in paragraph at lines 11897--11901

 []


Underfull \hbox (badness 10000) in paragraph at lines 11906--11910

 []

Missing character: There is no ̈ (U+0308) in font PT Serif/OT:script=latn;langu
age=dflt;!
Missing character: There is no ̈ (U+0308) in font PT Serif/OT:script=latn;langu
age=dflt;!

Underfull \hbox (badness 10000) in paragraph at lines 11915--11919

 []

Missing character: There is no ̆ (U+0306) in font PT Serif/OT:script=latn;langu
age=dflt;!
Missing character: There is no ̆ (U+0306) in font PT Serif Bold/OT:script=latn;
language=dflt;!

Underfull \hbox (badness 10000) in paragraph at lines 11924--11928

 []


Package fancyhdr Warning: \footskip is too small (14.22636pt): 
(fancyhdr)                Make it at least 17.4pt, for example:
(fancyhdr)                \setlength{\footskip}{17.4pt}.

[321]
Missing character: There is no ̆ (U+0306) in font PT Serif/OT:script=latn;langu
age=dflt;!
Missing character: There is no ̆ (U+0306) in font PT Serif/OT:script=latn;langu
age=dflt;!

Underfull \hbox (badness 10000) in paragraph at lines 11933--11937

 []


Package fancyhdr Warning: \footskip is too small (14.22636pt): 
(fancyhdr)                Make it at least 17.4pt, for example:
(fancyhdr)                \setlength{\footskip}{17.4pt}.

[322]
Missing character: There is no ̆ (U+0306) in font PT Serif Bold/OT:script=latn;
language=dflt;!
Missing character: There is no ̆ (U+0306) in font PT Serif/OT:script=latn;langu
age=dflt;!
Missing character: There is no ̆ (U+0306) in font PT Serif/OT:script=latn;langu
age=dflt;!
Missing character: There is no ̆ (U+0306) in font PT Serif/OT:script=latn;langu
age=dflt;!
Missing character: There is no ̆ (U+0306) in font PT Serif/OT:script=latn;langu
age=dflt;!
Missing character: There is no ̆ (U+0306) in font PT Serif/OT:script=latn;langu
age=dflt;!

Underfull \hbox (badness 10000) in paragraph at lines 11947--11951

 []


Underfull \hbox (badness 10000) in paragraph at lines 11956--11960

 []

Missing character: There is no ̆ (U+0306) in font PT Serif/OT:script=latn;langu
age=dflt;!

Underfull \hbox (badness 10000) in paragraph at lines 11965--11969

 []


Underfull \hbox (badness 10000) in paragraph at lines 11974--11978

 []

Missing character: There is no ̆ (U+0306) in font PT Serif/OT:script=latn;langu
age=dflt;!
Missing character: There is no ̆ (U+0306) in font PT Serif/OT:script=latn;langu
age=dflt;!

Underfull \hbox (badness 10000) in paragraph at lines 11983--11987

 []


Underfull \hbox (badness 10000) in paragraph at lines 11992--11996

 []


Package fancyhdr Warning: \footskip is too small (14.22636pt): 
(fancyhdr)                Make it at least 17.4pt, for example:
(fancyhdr)                \setlength{\footskip}{17.4pt}.

[323]
Underfull \hbox (badness 10000) in paragraph at lines 12001--12005

 []


Underfull \hbox (badness 10000) in paragraph at lines 12010--12014

 []

Missing character: There is no ̆ (U+0306) in font PT Serif/OT:script=latn;langu
age=dflt;!

Underfull \hbox (badness 10000) in paragraph at lines 12019--12023

 []


Underfull \hbox (badness 10000) in paragraph at lines 12028--12032

 []

Missing character: There is no ̆ (U+0306) in font PT Serif/OT:script=latn;langu
age=dflt;!
Missing character: There is no ̆ (U+0306) in font PT Serif/OT:script=latn;langu
age=dflt;!
Missing character: There is no ̆ (U+0306) in font PT Serif/OT:script=latn;langu
age=dflt;!
Missing character: There is no ̆ (U+0306) in font PT Serif/OT:script=latn;langu
age=dflt;!
Missing character: There is no ̆ (U+0306) in font PT Serif/OT:script=latn;langu
age=dflt;!

Underfull \hbox (badness 10000) in paragraph at lines 12037--12041

 []


Package fancyhdr Warning: \footskip is too small (14.22636pt): 
(fancyhdr)                Make it at least 17.4pt, for example:
(fancyhdr)                \setlength{\footskip}{17.4pt}.

[324]
Missing character: There is no ̆ (U+0306) in font PT Serif/OT:script=latn;langu
age=dflt;!

Underfull \hbox (badness 10000) in paragraph at lines 12051--12055

 []


Underfull \hbox (badness 10000) in paragraph at lines 12060--12064

 []


Underfull \hbox (badness 10000) in paragraph at lines 12069--12073

 []

Missing character: There is no ̆ (U+0306) in font PT Serif/OT:script=latn;langu
age=dflt;!

Underfull \hbox (badness 10000) in paragraph at lines 12078--12082

 []


Underfull \hbox (badness 10000) in paragraph at lines 12087--12091

 []


Underfull \hbox (badness 10000) in paragraph at lines 12096--12100

 []


Package fancyhdr Warning: \footskip is too small (14.22636pt): 
(fancyhdr)                Make it at least 17.4pt, for example:
(fancyhdr)                \setlength{\footskip}{17.4pt}.

[325]
Missing character: There is no ̆ (U+0306) in font PT Serif/OT:script=latn;langu
age=dflt;!

Underfull \hbox (badness 10000) in paragraph at lines 12105--12109

 []


Underfull \hbox (badness 10000) in paragraph at lines 12114--12118

 []


Underfull \hbox (badness 10000) in paragraph at lines 12123--12127

 []

Missing character: There is no ̆ (U+0306) in font PT Serif/OT:script=latn;langu
age=dflt;!

Underfull \hbox (badness 10000) in paragraph at lines 12132--12136

 []


Underfull \hbox (badness 10000) in paragraph at lines 12141--12145

 []


Underfull \hbox (badness 10000) in paragraph at lines 12150--12154

 []


Package fancyhdr Warning: \footskip is too small (14.22636pt): 
(fancyhdr)                Make it at least 17.4pt, for example:
(fancyhdr)                \setlength{\footskip}{17.4pt}.

[326]
Missing character: There is no ̆ (U+0306) in font PT Serif/OT:script=latn;langu
age=dflt;!

Underfull \hbox (badness 10000) in paragraph at lines 12159--12163

 []


Underfull \hbox (badness 10000) in paragraph at lines 12168--12172

 []


Underfull \hbox (badness 10000) in paragraph at lines 12177--12181

 []

Missing character: There is no ̆ (U+0306) in font PT Serif/OT:script=latn;langu
age=dflt;!

Underfull \hbox (badness 10000) in paragraph at lines 12186--12190

 []


Underfull \hbox (badness 10000) in paragraph at lines 12195--12199

 []


Underfull \hbox (badness 10000) in paragraph at lines 12204--12208

 []


Package fancyhdr Warning: \footskip is too small (14.22636pt): 
(fancyhdr)                Make it at least 17.4pt, for example:
(fancyhdr)                \setlength{\footskip}{17.4pt}.

[327]
Missing character: There is no ̆ (U+0306) in font PT Serif/OT:script=latn;langu
age=dflt;!

Underfull \hbox (badness 10000) in paragraph at lines 12213--12217

 []


Underfull \hbox (badness 10000) in paragraph at lines 12222--12226

 []


Underfull \hbox (badness 10000) in paragraph at lines 12231--12235

 []


Package fancyhdr Warning: \footskip is too small (14.22636pt): 
(fancyhdr)                Make it at least 17.4pt, for example:
(fancyhdr)                \setlength{\footskip}{17.4pt}.

[328]
Missing character: There is no ̆ (U+0306) in font PT Serif/OT:script=latn;langu
age=dflt;!
Missing character: There is no ̆ (U+0306) in font PT Serif/OT:script=latn;langu
age=dflt;!

Underfull \hbox (badness 10000) in paragraph at lines 12248--12256

 []

Missing character: There is no ̆ (U+0306) in font PT Serif/OT:script=latn;langu
age=dflt;!

Underfull \hbox (badness 10000) in paragraph at lines 12261--12265

 []


Underfull \hbox (badness 10000) in paragraph at lines 12270--12274

 []

Missing character: There is no ̈ (U+0308) in font PT Serif/OT:script=latn;langu
age=dflt;!
Missing character: There is no ̆ (U+0306) in font PT Serif/OT:script=latn;langu
age=dflt;!
Missing character: There is no ̈ (U+0308) in font PT Serif/OT:script=latn;langu
age=dflt;!
Missing character: There is no ̈ (U+0308) in font PT Serif/OT:script=latn;langu
age=dflt;!

Underfull \hbox (badness 10000) in paragraph at lines 12279--12287

 []

Missing character: There is no ̆ (U+0306) in font PT Serif Bold/OT:script=latn;
language=dflt;!

Underfull \hbox (badness 10000) in paragraph at lines 12292--12296

 []


Package fancyhdr Warning: \footskip is too small (14.22636pt): 
(fancyhdr)                Make it at least 17.4pt, for example:
(fancyhdr)                \setlength{\footskip}{17.4pt}.

[329]
Underfull \hbox (badness 10000) in paragraph at lines 12301--12305

 []


Package fancyhdr Warning: \footskip is too small (14.22636pt): 
(fancyhdr)                Make it at least 17.4pt, for example:
(fancyhdr)                \setlength{\footskip}{17.4pt}.

[330])
runsystem(makeindex artists.idx)...executed.

(./artists.ind
Missing character: There is no ̆ (U+0306) in font PT Serif/OT:script=latn;langu
age=dflt;!
[331



]

Package fancyhdr Warning: \footskip is too small (14.22636pt): 
(fancyhdr)                Make it at least 17.4pt, for example:
(fancyhdr)                \setlength{\footskip}{17.4pt}.

[332]
Missing character: There is no ̆ (U+0306) in font PT Serif/OT:script=latn;langu
age=dflt;!

Package fancyhdr Warning: \footskip is too small (14.22636pt): 
(fancyhdr)                Make it at least 17.4pt, for example:
(fancyhdr)                \setlength{\footskip}{17.4pt}.

[333])

Package fancyhdr Warning: \footskip is too small (14.22636pt): 
(fancyhdr)                Make it at least 17.4pt, for example:
(fancyhdr)                \setlength{\footskip}{17.4pt}.

[334]
runsystem(makeindex composers.idx)...executed.

(./composers.ind [335



]

Package fancyhdr Warning: \footskip is too small (14.22636pt): 
(fancyhdr)                Make it at least 17.4pt, for example:
(fancyhdr)                \setlength{\footskip}{17.4pt}.

[336]
Missing character: There is no ̆ (U+0306) in font PT Serif/OT:script=latn;langu
age=dflt;!
Missing character: There is no ̆ (U+0306) in font PT Serif/OT:script=latn;langu
age=dflt;!

Package fancyhdr Warning: \footskip is too small (14.22636pt): 
(fancyhdr)                Make it at least 17.4pt, for example:
(fancyhdr)                \setlength{\footskip}{17.4pt}.

[337]

Package fancyhdr Warning: \footskip is too small (14.22636pt): 
(fancyhdr)                Make it at least 17.4pt, for example:
(fancyhdr)                \setlength{\footskip}{17.4pt}.

[338])

Package fancyhdr Warning: \footskip is too small (14.22636pt): 
(fancyhdr)                Make it at least 17.4pt, for example:
(fancyhdr)                \setlength{\footskip}{17.4pt}.

[339]
runsystem(makeindex lyricists.idx)...executed.

(./lyricists.ind [340



]

Package fancyhdr Warning: \footskip is too small (14.22636pt): 
(fancyhdr)                Make it at least 17.4pt, for example:
(fancyhdr)                \setlength{\footskip}{17.4pt}.

[341]

Package fancyhdr Warning: \footskip is too small (14.22636pt): 
(fancyhdr)                Make it at least 17.4pt, for example:
(fancyhdr)                \setlength{\footskip}{17.4pt}.

[342]

Package fancyhdr Warning: \footskip is too small (14.22636pt): 
(fancyhdr)                Make it at least 17.4pt, for example:
(fancyhdr)                \setlength{\footskip}{17.4pt}.

[343]

Package fancyhdr Warning: \footskip is too small (14.22636pt): 
(fancyhdr)                Make it at least 17.4pt, for example:
(fancyhdr)                \setlength{\footskip}{17.4pt}.

[344]
Missing character: There is no ̆ (U+0306) in font PT Serif/OT:script=latn;langu
age=dflt;!
Missing character: There is no ̆ (U+0306) in font PT Serif/OT:script=latn;langu
age=dflt;!
)

Package fancyhdr Warning: \footskip is too small (14.22636pt): 
(fancyhdr)                Make it at least 17.4pt, for example:
(fancyhdr)                \setlength{\footskip}{17.4pt}.

[345] (./pesni.aux)
 ***********
LaTeX2e <2023-11-01> patch level 1
L3 programming layer <2024-01-22>
 ***********
Package rerunfilecheck Info: File `pesni.out' has not changed.
(rerunfilecheck)             Checksum: 3D7BA7AD2C069814C6D7E9335E9323DB;33995.
 ) 
Here is how much of TeX's memory you used:
 13461 strings out of 476132
 279009 string characters out of 5796520
 1927627 words of memory out of 5000000
 35202 multiletter control sequences out of 15000+600000
 562292 words of font info for 78 fonts, out of 8000000 for 9000
 682 hyphenation exceptions out of 8191
 93i,15n,107p,347b,542s stack positions out of 10000i,1000n,20000p,200000b,200000s

Output written on pesni.pdf (346 pages).
